{"sections":{"slideshow_iyDLiy":{"type":"slideshow","blocks":{"slideshow_item_9mRT3X":{"type":"_slideshow-item","settings":{"media_priority":"image","image_desktop":"shopify:\/\/shop_images\/AlbedoBase_XL_create_a_landscapecinematic_shot_for_a_cakebrown_2.jpg","image_position_desktop":"top-center","image_position_mobile":"top-center","box_align":"bottom-left","box_align_mobile":"middle-center","show_text_box":false,"image_overlay_opacity":40,"color_scheme":"scheme-4","custom_color_scheme":""},"blocks":{"subtitle_Vx9trX":{"type":"_subtitle","settings":{"title":"TOP COLLECTIONS","alignment":"inherit","alignment_mobile":"","size":"h6","style":"uppercase","padding___top":"inherit","custom_padding_top":36,"padding___bottom":"inherit","custom_padding_bottom":36},"blocks":{}},"title_bJ4EdM":{"type":"_title","settings":{"title":"Tasty","custom_color":false,"title_color":"#000000","alignment":"text-left","alignment_mobile":"","size":"h1","style":"inherit","padding___top":"custom","custom_padding_top":0,"padding___bottom":"custom","custom_padding_bottom":0},"blocks":{}},"single_button_YKcny6":{"type":"_single_button","settings":{"button_label":"Shop Collection","button_link":"shopify:\/\/collections","button_style":"button button--primary","button_size":"inherit","text_style":"inherit","button_icon_show":false,"button_icon":"shopping_cart","icon_position":"left","alignment":"justify-content-left","alignment_mobile":"","padding___top":"inherit","custom_padding_top":36,"padding___bottom":"inherit","custom_padding_bottom":36},"blocks":{}}},"block_order":["subtitle_Vx9trX","title_bJ4EdM","single_button_YKcny6"]},"slideshow_item_db3E6T":{"type":"_slideshow-item","settings":{"media_priority":"image","image_desktop":"shopify:\/\/shop_images\/AlbedoBase_XL_create_a_landscape_shot_for_a_cakebrowniecupcake_0.jpg","image_position_desktop":"top-center","image_position_mobile":"top-center","box_align":"bottom-left","box_align_mobile":"middle-center","show_text_box":false,"image_overlay_opacity":40,"color_scheme":"scheme-4","custom_color_scheme":""},"blocks":{"subtitle_Nf48Vn":{"type":"_subtitle","settings":{"title":"TOP COLLECTIONS","alignment":"inherit","alignment_mobile":"","size":"h6","style":"uppercase","padding___top":"inherit","custom_padding_top":36,"padding___bottom":"inherit","custom_padding_bottom":36},"blocks":{}},"title_LKzdkk":{"type":"_title","settings":{"title":"Super Cool","custom_color":false,"title_color":"#000000","alignment":"text-left","alignment_mobile":"","size":"h1","style":"inherit","padding___top":"custom","custom_padding_top":0,"padding___bottom":"custom","custom_padding_bottom":0},"blocks":{}},"single_button_4bFeXG":{"type":"_single_button","settings":{"button_label":"Shop Collection","button_link":"shopify:\/\/collections","button_style":"button button--primary","button_size":"inherit","text_style":"inherit","button_icon_show":false,"button_icon":"shopping_cart","icon_position":"left","alignment":"justify-content-left","alignment_mobile":"","padding___top":"inherit","custom_padding_top":36,"padding___bottom":"inherit","custom_padding_bottom":36},"blocks":{}}},"block_order":["subtitle_Nf48Vn","title_LKzdkk","single_button_4bFeXG"]},"slideshow_item_zPeJqy":{"type":"_slideshow-item","settings":{"media_priority":"image","image_desktop":"shopify:\/\/shop_images\/AlbedoBase_XL_create_a_landscape_shot_for_a_cakebrowniecupcake_3.jpg","image_position_desktop":"top-center","image_position_mobile":"top-center","box_align":"bottom-left","box_align_mobile":"middle-center","show_text_box":false,"image_overlay_opacity":40,"color_scheme":"scheme-4","custom_color_scheme":""},"blocks":{"subtitle_kRJUL7":{"type":"_subtitle","settings":{"title":"TOP COLLECTIONS","alignment":"inherit","alignment_mobile":"","size":"h6","style":"uppercase","padding___top":"inherit","custom_padding_top":36,"padding___bottom":"inherit","custom_padding_bottom":36},"blocks":{}},"title_7iwh9H":{"type":"_title","settings":{"title":"Limited Edition","custom_color":false,"title_color":"#000000","alignment":"text-left","alignment_mobile":"","size":"h1","style":"inherit","padding___top":"custom","custom_padding_top":0,"padding___bottom":"custom","custom_padding_bottom":0},"blocks":{}},"single_button_4JXeDP":{"type":"_single_button","settings":{"button_label":"Shop Collection","button_link":"shopify:\/\/collections","button_style":"button button--primary","button_size":"inherit","text_style":"inherit","button_icon_show":false,"button_icon":"shopping_cart","icon_position":"left","alignment":"justify-content-left","alignment_mobile":"","padding___top":"inherit","custom_padding_top":36,"padding___bottom":"inherit","custom_padding_bottom":36},"blocks":{}}},"block_order":["subtitle_kRJUL7","title_7iwh9H","single_button_4JXeDP"]}},"block_order":["slideshow_item_9mRT3X","slideshow_item_db3E6T","slideshow_item_zPeJqy"],"settings":{"show_on":"both","container_size":"","slide_height":"medium","slide_height_mobile":"medium","image_behavior":"none","show_text_below":"bottom","enable_autoplay":true,"autoplay_speed":5,"enable_loop":true,"enable_dots":true,"enable_arrows":false,"arrow_color":"inherit","custom_arrow_color":"#ffffff","custom_arrow_background_color":"#7559ff","arrow_position":"bottom","control_position":"inside","accessibility_info":"Slideshow about our brand"}},"featured_collection_CtDkji":{"type":"featured-collection","blocks":{"heading":{"type":"_heading","static":true,"settings":{"padding___top":"none","custom_padding_top":36,"padding___bottom":"none","custom_padding_bottom":36},"blocks":{"title_x3jwKA":{"type":"_title","settings":{"title":"Our Products Examples","custom_color":false,"title_color":"#000000","alignment":"text-center","alignment_mobile":"","size":"inherit","style":"inherit","padding___top":"inherit","custom_padding_top":36,"padding___bottom":"extra_small","custom_padding_bottom":36},"blocks":{}},"description_p3BpTG":{"type":"_description","disabled":true,"settings":{"description":"<p>Unmatched design—superior performance and customer satisfaction in one.<\/p>","alignment":"text-center","alignment_mobile":"","custom_bullet_icon":"","padding___top":"inherit","custom_padding_top":36,"padding___bottom":"small","custom_padding_bottom":36},"blocks":{}}},"block_order":["title_x3jwKA","description_p3BpTG"]}},"settings":{"show_on":"both","container_size":"page-width","collection":"futuristic","products_to_show":25,"columns_desktop":3,"list_type":false,"show_view_all":false,"view_all_text":"Show All Products","view_all_link":"shopify:\/\/collections\/all","view_all_style":"button button--primary","button_size":"inherit","custom_badge_label":"","custom_badge_icon":"local_shipping","custom_badge_bg_color":"","custom_badge_color":"","image_ratio":"66.666%","image_crop_position":"top center","image_shape":"default","show_secondary_image":"disabled","show_carousel":"inherit","show_vendor":false,"show_rating":true,"show_description":false,"show_price":true,"show_variant_swatches":"inherit","show_out_of_stock_products":true,"show_sold_out_badge":false,"show_sale_badge":true,"quick_add":"none","columns_mobile":"2","slider_on":"none","enable_autoplay":false,"autoplay_speed":5,"enable_loop":true,"enable_dots":true,"enable_arrows":true,"arrow_color":"inherit","custom_arrow_color":"#ffffff","custom_arrow_background_color":"#7559ff","arrow_position":"bottom","color_scheme":"scheme-1","custom_color_scheme":"","padding___top":"inherit","custom_padding_top":36,"padding___bottom":"inherit","custom_padding_bottom":36}},"dbtfy_separator_ACNUU4":{"type":"dbtfy-separator","settings":{"show_on":"both","container_size":"","opacity":50,"color":"","padding___top":"none","custom_padding_top":36,"padding___bottom":"none","custom_padding_bottom":36}},"rich_text_nmakzA":{"type":"rich-text","blocks":{"description_GNEt7r":{"type":"_description","settings":{"description":"","alignment":"text-center","alignment_mobile":"","custom_bullet_icon":"","padding___top":"inherit","custom_padding_top":36,"padding___bottom":"inherit","custom_padding_bottom":36},"blocks":{}}},"block_order":["description_GNEt7r"],"settings":{"show_on":"both","container_size":"page-full","custom_container_size":1600,"desktop_content_position":"center","color_scheme":"scheme-1","custom_color_scheme":"","padding___top":"inherit","custom_padding_top":36,"padding___bottom":"inherit","custom_padding_bottom":36}},"double_image_banner_JCd8D3":{"type":"double-image-banner","blocks":{"cta_block":{"type":"_cta_block","static":true,"settings":{"padding___top":"none","custom_padding_top":36,"padding___bottom":"none","custom_padding_bottom":36},"blocks":{"caption_egKP7b":{"type":"_caption","settings":{"caption":"Today—Black friday","alignment":"text-center","alignment_mobile":"","text_style":"caption-with-letter-spacing","padding___top":"inherit","custom_padding_top":36,"padding___bottom":"inherit","custom_padding_bottom":36},"blocks":{}},"title_Pbn3tq":{"type":"_title","settings":{"title":"Save! 30—50% Off","custom_color":false,"title_color":"#000000","alignment":"text-center","alignment_mobile":"","size":"inherit","style":"inherit","padding___top":"inherit","custom_padding_top":36,"padding___bottom":"inherit","custom_padding_bottom":36},"blocks":{}},"single_button_kJp38P":{"type":"_single_button","settings":{"button_label":"Shop Save","button_link":"shopify:\/\/collections","button_style":"button button--primary","button_size":"inherit","text_style":"inherit","button_icon_show":false,"button_icon":"shopping_cart","icon_position":"left","alignment":"justify-content-center","alignment_mobile":"","padding___top":"inherit","custom_padding_top":36,"padding___bottom":"inherit","custom_padding_bottom":36},"blocks":{}}},"block_order":["caption_egKP7b","title_Pbn3tq","single_button_kJp38P"]}},"settings":{"image":"shopify:\/\/shop_images\/AlbedoBase_XL_create_cinematic_photo_for_a_tubcakesicing_cake_3.jpg","image_overlay_opacity":0,"image_height":"medium","image_height_mobile":"medium","desktop_content_position":"middle-center","show_text_box":true,"image_behavior":"none","stack_images_on_mobile":true,"show_text_below":false,"color_scheme":"scheme-1","custom_color_scheme":""}},"dbtfy_testimonials_kyA3cz":{"type":"dbtfy-testimonials","blocks":{"heading":{"type":"_heading","static":true,"settings":{"padding___top":"none","custom_padding_top":36,"padding___bottom":"none","custom_padding_bottom":36},"blocks":{"title_3cekbx":{"type":"_title","settings":{"title":"Customer Say!","custom_color":false,"title_color":"#000000","alignment":"text-center","alignment_mobile":"","size":"inherit","style":"inherit","padding___top":"inherit","custom_padding_top":36,"padding___bottom":"extra_small","custom_padding_bottom":36},"blocks":{}},"description_kX7EY4":{"type":"_description","settings":{"description":"<p>Customers love our products and we always strive to please them all.<\/p>","alignment":"text-center","alignment_mobile":"","custom_bullet_icon":"","padding___top":"inherit","custom_padding_top":36,"padding___bottom":"small","custom_padding_bottom":36},"blocks":{}}},"block_order":["title_3cekbx","description_kX7EY4"]},"testimonials":{"type":"_dbtfy-testimonials","static":true,"settings":{},"blocks":{"dbtfy_testimonial_item_iFEeWp":{"type":"_dbtfy-testimonial-item","settings":{"star_rating":5,"video_link":"","enable_autoplay":false,"enalbe_mute":false,"text":"<p><br\/>Hands down the best red velvet cake I’ve ever had! Moist, perfectly sweet, and the cream cheese frosting was to die for. You can tell everything is freshly baked. This place is a hidden gem for dessert lovers.<br\/><br\/><br\/><br\/><\/p>","date":"","profession":"","author":"GunGun","link":""},"blocks":{}},"dbtfy_testimonial_item_mYtwKX":{"type":"_dbtfy-testimonial-item","settings":{"star_rating":5,"video_link":"","enable_autoplay":false,"enalbe_mute":false,"text":"<p><br\/>I stumbled upon this little cake shop while exploring the neighborhood, and I'm so glad I did! The chocolate brownie was rich, fudgy, and absolutely divine. The staff was friendly and even offered a few samples. Will definitely be back to try their cupcakes next!<br\/><br\/><\/p>","date":"","profession":"","author":"Sanjeev","link":""},"blocks":{}},"dbtfy_testimonial_item_3LLCYx":{"type":"_dbtfy-testimonial-item","settings":{"star_rating":5,"video_link":"","enable_autoplay":false,"enalbe_mute":false,"text":"<p><br\/>I ordered a customized birthday cake last minute, and they totally nailed it! Not only did it look stunning, but it tasted amazing too — soft layers, rich flavor, and just the right amount of sweetness. Highly recommended for any special occasion.<br\/><br\/><\/p>","date":"","profession":"","author":"Rachita","link":""},"blocks":{}}},"block_order":["dbtfy_testimonial_item_iFEeWp","dbtfy_testimonial_item_mYtwKX","dbtfy_testimonial_item_3LLCYx"]}},"settings":{"show_on":"both","container_size":"page-width","display_type":"carousel","columns_desktop":2,"enable_star_rating":true,"enable_author_image":true,"enable_default_avatar":false,"enable_author_name":true,"enable_paragraph":true,"enable_compay_profession":true,"enable_date":true,"date_format":"1","profile_picture_style":"circle","user_data_location":"above","profile_content_alignment":"left","review_content_aignment":"left","media_position":"image-first","enable_quotation_icon":false,"icon":"format_quote","icon_position":"right","icon_height":"medium","icon_height_mobile":"medium","line_limit":5,"enable_read_more":false,"button_style":"button button--primary","button_size":"inherit","read_more_label":"Show more","read_less_label":"Show less","enable_read_more_shadow":false,"show_more_gradient":"","show_more_gradient_height":40,"slider_on":"both","enable_autoplay":true,"autoplay_speed":5,"enable_loop":true,"enable_dots":true,"enable_arrows":false,"arrow_color":"inherit","custom_arrow_color":"#ffffff","custom_arrow_background_color":"#7559ff","arrow_position":"middle","color_scheme":"scheme-1","custom_color_scheme":"","padding___top":"inherit","custom_padding_top":36,"padding___bottom":"inherit","custom_padding_bottom":36}}},"order":["slideshow_iyDLiy","featured_collection_CtDkji","dbtfy_separator_ACNUU4","rich_text_nmakzA","double_image_banner_JCd8D3","dbtfy_testimonials_kyA3cz"]}