{
  "sections": {
    "main": {
      "type": "main-page",
      "disabled": true,
      "settings": {
        "padding___top": "inherit",
        "custom_padding_top": 36,
        "padding___bottom": "inherit",
        "custom_padding_bottom": 36
      }
    },
    "double_image_banner_VFhzKc": {
      "type": "double-image-banner",
      "blocks": {
        "cta_block": {
          "type": "_cta_block",
          "static": true,
          "settings": {
            "padding___top": "none",
            "custom_padding_top": 36,
            "padding___bottom": "none",
            "custom_padding_bottom": 36
          },
          "blocks": {
            "description_XK933j": {
              "type": "_description",
              "settings": {
                "description": "<p>Welcome industry insiders</p>",
                "alignment": "text-center",
                "alignment_mobile": "",
                "custom_bullet_icon": "",
                "padding___top": "inherit",
                "custom_padding_top": 36,
                "padding___bottom": "inherit",
                "custom_padding_bottom": 36
              }
            },
            "title_Hg8TNR": {
              "type": "_title",
              "settings": {
                "title": "Super Comfort",
                "custom_color": false,
                "title_color": "#000000",
                "alignment": "text-center",
                "alignment_mobile": "",
                "size": "inherit",
                "style": "inherit",
                "padding___top": "inherit",
                "custom_padding_top": 36,
                "padding___bottom": "inherit",
                "custom_padding_bottom": 36
              }
            },
            "single_button_4fLWkw": {
              "type": "_single_button",
              "settings": {
                "button_label": "Shop Now",
                "button_link": "shopify://collections",
                "button_style": "button button--primary",
                "button_size": "inherit",
                "text_style": "inherit",
                "button_icon_show": false,
                "button_icon": "shopping_cart",
                "icon_position": "left",
                "alignment": "justify-content-center",
                "alignment_mobile": "",
                "padding___top": "inherit",
                "custom_padding_top": 36,
                "padding___bottom": "inherit",
                "custom_padding_bottom": 36
              }
            }
          },
          "block_order": ["description_XK933j", "title_Hg8TNR", "single_button_4fLWkw"]
        }
      },
      "settings": {
        "image": "shopify://shop_images/fw_s3.jpg",
        "image_overlay_opacity": 40,
        "image_height": "medium",
        "image_height_mobile": "medium",
        "desktop_content_position": "middle-center",
        "show_text_box": false,
        "image_behavior": "none",
        "stack_images_on_mobile": true,
        "show_text_below": true,
        "color_scheme": "scheme-3",
        "custom_color_scheme": ""
      }
    },
    "featured_product_4UBACP": {
      "type": "featured-product",
      "blocks": {
        "product_text_KEgiJN": {
          "type": "_product_text",
          "settings": { "text": "{{ closest.product.vendor }}", "text_style": "uppercase" }
        },
        "product_title_nWTtBy": { "type": "_product_title", "settings": {} },
        "product_bullet_points_bWbtxD": { "type": "_product_bullet-points", "settings": {} },
        "product_rating_GaQkDX": { "type": "_product_rating", "settings": {} },
        "product_price_pQxkaz": { "type": "_product_price", "settings": {} },
        "product_variant_picker_ffF6Wz": { "type": "_product_variant-picker", "settings": {} },
        "product_quantity_selector_RwFVGL": { "type": "_product_quantity-selector", "settings": {} },
        "product_buy_buttons_NF3TAe": {
          "type": "_product_buy-buttons",
          "settings": {
            "show_gift_card_recipient": true,
            "dbtfy_addtocart_animation_enable": true,
            "dbtfy_addtocart_animation_type": "tada",
            "dbtfy_addtocart_animation_interval": 5,
            "dbtfy_addtocart_animation_duration": 1
          }
        },
        "trust_badges_jLkPec": {
          "type": "_trust_badges",
          "settings": {
            "trust_badges_badge_type": "payment_options",
            "show_heading": true,
            "show_subheading": true,
            "show_informative_text": true,
            "trust_badges_alignment_footer": "center"
          }
        },
        "product_description_rDKdKx": { "type": "_product_description", "settings": {} },
        "product_tabs_anztaX": { "type": "_product_tabs", "settings": {} },
        "product_customizable_products_UhwHpy": {
          "type": "_product_customizable-products",
          "settings": { "heading": "Customizable products" }
        },
        "collapsible_content_W6TcY3": {
          "type": "_collapsible-content",
          "settings": {},
          "blocks": {
            "collapsible_con_block_qbPQVt": {
              "type": "_collapsible-con-block",
              "settings": { "heading": "Materials", "icon": "leather", "row_content": "", "page": "" }
            },
            "collapsible_con_block_DjWVq3": {
              "type": "_collapsible-con-block",
              "settings": { "heading": "Shipping & Returns", "icon": "truck", "row_content": "", "page": "" }
            },
            "collapsible_con_block_3JJG3t": {
              "type": "_collapsible-con-block",
              "settings": { "heading": "Dimensions", "icon": "ruler", "row_content": "", "page": "" }
            },
            "collapsible_con_block_TQtErz": {
              "type": "_collapsible-con-block",
              "settings": { "heading": "Care Instructions", "icon": "heart", "row_content": "", "page": "" }
            }
          },
          "block_order": [
            "collapsible_con_block_qbPQVt",
            "collapsible_con_block_DjWVq3",
            "collapsible_con_block_3JJG3t",
            "collapsible_con_block_TQtErz"
          ]
        },
        "product_social_discount_aixX4h": {
          "type": "_product_social-discount",
          "settings": {
            "color_scheme": "scheme-1",
            "custom_color_scheme": "",
            "button_label": "Share and get {amount}{discount} off!",
            "button_icon": "share",
            "modal_title": "Share and get {amount}{discount} off!",
            "modal_content": "Simply share this product on one of the following social networks and you will unlock {amount}{discount} off!",
            "modal_thank_you_title": "Thank you for sharing {amount}{discount} off!",
            "modal_thank_you_content": "Copy the discount code below and paste it at checkout to get your discount",
            "modal_discount_label": "Apply discount code",
            "discount_name": "Discount coupon code",
            "discount_type": "%",
            "discount_amount": "30",
            "social_share_title": "Share on:",
            "enable_facebook": true,
            "enable_twitter": true,
            "enable_pinterest": true,
            "enable_linkedin": true,
            "enable_whatsapp": true,
            "enable_email": true
          }
        }
      },
      "block_order": [
        "product_text_KEgiJN",
        "product_title_nWTtBy",
        "product_bullet_points_bWbtxD",
        "product_rating_GaQkDX",
        "product_price_pQxkaz",
        "product_variant_picker_ffF6Wz",
        "product_quantity_selector_RwFVGL",
        "product_buy_buttons_NF3TAe",
        "trust_badges_jLkPec",
        "product_description_rDKdKx",
        "product_tabs_anztaX",
        "product_customizable_products_UhwHpy",
        "collapsible_content_W6TcY3",
        "product_social_discount_aixX4h"
      ],
      "settings": {
        "product": "",
        "show_on": "both",
        "container_size": "page-width",
        "enable_sticky_info": true,
        "media_size": "medium",
        "constrain_to_viewport": true,
        "media_fit": "contain",
        "gallery_layout": "thumbnail_slider",
        "media_position": "left",
        "mobile_thumbnails": "hide",
        "hide_variants": false,
        "enable_video_looping": false,
        "enable_video_control": false,
        "enable_arrows": true,
        "arrow_color": "inherit",
        "custom_arrow_color": "#ffffff",
        "custom_arrow_background_color": "#7559ff",
        "color_scheme": "scheme-1",
        "custom_color_scheme": "",
        "padding___top": "inherit",
        "custom_padding_top": 36,
        "padding___bottom": "inherit",
        "custom_padding_bottom": 36
      }
    },
    "slideshow_xUJkFp": {
      "type": "slideshow",
      "blocks": {
        "slideshow_item_m6jUPd": {
          "type": "_slideshow-item",
          "settings": {
            "media_priority": "video",
            "image_position_desktop": "top-center",
            "image_position_mobile": "top-center",
            "box_align": "middle-center",
            "box_align_mobile": "middle-center",
            "show_text_box": true,
            "image_overlay_opacity": 40,
            "color_scheme": "scheme-1",
            "custom_color_scheme": ""
          },
          "blocks": {
            "subtitle_B3wKTm": {
              "type": "_subtitle",
              "settings": {
                "title": "Super Comfort",
                "alignment": "text-center",
                "alignment_mobile": "",
                "size": "h6",
                "style": "uppercase",
                "padding___top": "inherit",
                "custom_padding_top": 36,
                "padding___bottom": "inherit",
                "custom_padding_bottom": 36
              }
            },
            "title_wLrUYh": {
              "type": "_title",
              "settings": {
                "title": "NIKE PEGASUS PREMIUM",
                "custom_color": false,
                "title_color": "#000000",
                "alignment": "text-center",
                "alignment_mobile": "",
                "size": "h1",
                "style": "inherit",
                "padding___top": "inherit",
                "custom_padding_top": 36,
                "padding___bottom": "custom",
                "custom_padding_bottom": 0
              }
            },
            "double_button_fMrkAn": {
              "type": "_double_button",
              "settings": {
                "button_label_1": "",
                "button_link_1": "",
                "button_style_1": "button button--tertiary",
                "button_size_1": "inherit",
                "text_style_first": "inherit",
                "button_1_icon_show": false,
                "button_1_icon": "shopping_cart",
                "icon_position_1": "left",
                "button_label_2": "Shop Now",
                "button_link_2": "shopify://collections",
                "button_style_2": "button button--primary",
                "button_size_2": "inherit",
                "text_style_second": "inherit",
                "button_2_icon_show": false,
                "button_2_icon": "shopping_cart",
                "icon_position_2": "left",
                "alignment": "justify-content-center",
                "alignment_mobile": "",
                "padding___top": "inherit",
                "custom_padding_top": 36,
                "padding___bottom": "inherit",
                "custom_padding_bottom": 36
              }
            }
          },
          "block_order": ["subtitle_B3wKTm", "title_wLrUYh", "double_button_fMrkAn"]
        }
      },
      "block_order": ["slideshow_item_m6jUPd"],
      "settings": {
        "show_on": "both",
        "container_size": "",
        "slide_height": "small",
        "slide_height_mobile": "medium",
        "image_behavior": "none",
        "show_text_below": "bottom",
        "enable_autoplay": false,
        "autoplay_speed": 5,
        "enable_loop": true,
        "enable_dots": true,
        "enable_arrows": false,
        "arrow_color": "inherit",
        "custom_arrow_color": "#ffffff",
        "custom_arrow_background_color": "#7559ff",
        "arrow_position": "bottom",
        "control_position": "inside",
        "accessibility_info": "Slideshow about our brand"
      }
    },
    "rich_text_jdp3K4": {
      "type": "rich-text",
      "blocks": {
        "caption_3RNkQ3": {
          "type": "_caption",
          "settings": {
            "caption": "Outsole Sneakers Smith Lux",
            "alignment": "text-center",
            "alignment_mobile": "",
            "text_style": "inherit",
            "padding___top": "inherit",
            "custom_padding_top": 36,
            "padding___bottom": "inherit",
            "custom_padding_bottom": 36
          }
        },
        "title_Hg8zaE": {
          "type": "_title",
          "settings": {
            "title": "Supercomfort—Supernova",
            "custom_color": false,
            "title_color": "#000000",
            "alignment": "text-center",
            "alignment_mobile": "",
            "size": "inherit",
            "style": "inherit",
            "padding___top": "custom",
            "custom_padding_top": 0,
            "padding___bottom": "custom",
            "custom_padding_bottom": 0
          }
        },
        "description_efBQ9Y": {
          "type": "_description",
          "settings": {
            "description": "<p>Outsole Sneakers Smith Lux: Unleash comfort and style with our latest innovative sneaker design. Experience<br/>maximum comfort with the new Outsole Sneakers Smith Lux.</p>",
            "alignment": "text-center",
            "alignment_mobile": "",
            "custom_bullet_icon": "",
            "padding___top": "inherit",
            "custom_padding_top": 36,
            "padding___bottom": "inherit",
            "custom_padding_bottom": 36
          }
        },
        "double_button_mfgVFE": {
          "type": "_double_button",
          "settings": {
            "button_label_1": "Shop Now",
            "button_link_1": "shopify://collections",
            "button_style_1": "button button--primary",
            "button_size_1": "inherit",
            "text_style_first": "inherit",
            "button_1_icon_show": false,
            "button_1_icon": "shopping_cart",
            "icon_position_1": "left",
            "button_label_2": "",
            "button_link_2": "",
            "button_style_2": "button button--primary",
            "button_size_2": "inherit",
            "text_style_second": "inherit",
            "button_2_icon_show": false,
            "button_2_icon": "shopping_cart",
            "icon_position_2": "left",
            "alignment": "justify-content-center",
            "alignment_mobile": "",
            "padding___top": "inherit",
            "custom_padding_top": 36,
            "padding___bottom": "inherit",
            "custom_padding_bottom": 36
          }
        }
      },
      "block_order": ["caption_3RNkQ3", "title_Hg8zaE", "description_efBQ9Y", "double_button_mfgVFE"],
      "settings": {
        "show_on": "both",
        "container_size": "page-full",
        "custom_container_size": 1600,
        "desktop_content_position": "center",
        "color_scheme": "scheme-1",
        "custom_color_scheme": "",
        "padding___top": "large",
        "custom_padding_top": 36,
        "padding___bottom": "large",
        "custom_padding_bottom": 36
      }
    },
    "dbtfy_before_and_after_gCDPnm": {
      "type": "dbtfy-before-and-after",
      "blocks": {
        "heading": {
          "type": "_heading",
          "static": true,
          "settings": {
            "padding___top": "none",
            "custom_padding_top": 36,
            "padding___bottom": "none",
            "custom_padding_bottom": 36
          }
        },
        "before-after": {
          "type": "_dbtfy-before-after",
          "static": true,
          "settings": {},
          "blocks": {
            "dbtfy_before_after_block_RTmXxc": {
              "type": "_dbtfy-before-after-block",
              "settings": {
                "color_scheme_1": "scheme-1",
                "custom_color_scheme_1": "",
                "text_1": "",
                "button_label_1": "",
                "button_link_1": "",
                "button_style_1": "button button--primary",
                "button_size_1": "inherit",
                "content_position_1": "left-middle",
                "color_scheme_2": "scheme-2",
                "custom_color_scheme_2": "",
                "text_2": "",
                "button_label_2": "",
                "button_link_2": "",
                "button_style_2": "button button--secondary",
                "button_size_2": "inherit",
                "content_position_2": "right-middle"
              }
            }
          },
          "block_order": ["dbtfy_before_after_block_RTmXxc"]
        }
      },
      "settings": {
        "show_on": "both",
        "container_size": "page-width",
        "initial_direction": "horizontal",
        "initial_position": 50,
        "image_height": 500,
        "bullet_icon": "code",
        "handle_color": "#000000",
        "handle_background_color": "#cecece",
        "bullet_position": "50",
        "slider_on": "both",
        "enable_autoplay": false,
        "autoplay_speed": 5,
        "enable_loop": true,
        "enable_dots": true,
        "enable_arrows": false,
        "arrow_color": "inherit",
        "custom_arrow_color": "#ffffff",
        "custom_arrow_background_color": "#7559ff",
        "arrow_position": "bottom",
        "control_position": "inside",
        "color_scheme": "scheme-1",
        "custom_color_scheme": "",
        "padding___top": "inherit",
        "custom_padding_top": 36,
        "padding___bottom": "inherit",
        "custom_padding_bottom": 36
      }
    },
    "dbtfy_testimonials_AeayWj": {
      "type": "dbtfy-testimonials",
      "blocks": {
        "heading": {
          "type": "_heading",
          "static": true,
          "settings": {
            "padding___top": "none",
            "custom_padding_top": 36,
            "padding___bottom": "none",
            "custom_padding_bottom": 36
          },
          "blocks": {
            "title_aDwzGd": {
              "type": "_title",
              "settings": {
                "title": "Testimonials",
                "custom_color": false,
                "title_color": "#000000",
                "alignment": "text-center",
                "alignment_mobile": "",
                "size": "inherit",
                "style": "inherit",
                "padding___top": "inherit",
                "custom_padding_top": 36,
                "padding___bottom": "extra_small",
                "custom_padding_bottom": 36
              }
            }
          },
          "block_order": ["title_aDwzGd"]
        },
        "testimonials": {
          "type": "_dbtfy-testimonials",
          "static": true,
          "settings": {},
          "blocks": {
            "dbtfy_testimonial_item_jmrUxC": {
              "type": "_dbtfy-testimonial-item",
              "settings": {
                "star_rating": 5,
                "enable_autoplay": false,
                "enalbe_mute": false,
                "text": "<p>Share blog posts, products, or promotions with your customers. Use this text to describe products, share details on availability and style, or as a space to display recent reviews or FAQs.</p>",
                "date": "",
                "profession": "Profession",
                "author": "Author's name",
                "link": ""
              }
            },
            "dbtfy_testimonial_item_w3V3cH": {
              "type": "_dbtfy-testimonial-item",
              "settings": {
                "star_rating": 5,
                "enable_autoplay": false,
                "enalbe_mute": false,
                "text": "<p>Share blog posts, products, or promotions with your customers. Use this text to describe products, share details on availability and style, or as a space to display recent reviews or FAQs.</p>",
                "date": "",
                "profession": "Profession",
                "author": "Author's name",
                "link": ""
              }
            },
            "dbtfy_testimonial_item_xiDw89": {
              "type": "_dbtfy-testimonial-item",
              "settings": {
                "star_rating": 5,
                "enable_autoplay": false,
                "enalbe_mute": false,
                "text": "<p>Share blog posts, products, or promotions with your customers. Use this text to describe products, share details on availability and style, or as a space to display recent reviews or FAQs.</p>",
                "date": "",
                "profession": "Profession",
                "author": "Author's name",
                "link": ""
              }
            }
          },
          "block_order": [
            "dbtfy_testimonial_item_jmrUxC",
            "dbtfy_testimonial_item_w3V3cH",
            "dbtfy_testimonial_item_xiDw89"
          ]
        }
      },
      "settings": {
        "show_on": "both",
        "container_size": "page-width",
        "display_type": "grid",
        "columns_desktop": 3,
        "enable_star_rating": true,
        "enable_author_image": true,
        "enable_default_avatar": false,
        "enable_author_name": true,
        "enable_paragraph": true,
        "enable_compay_profession": true,
        "enable_date": true,
        "date_format": "1",
        "profile_picture_style": "circle",
        "user_data_location": "above",
        "profile_content_alignment": "left",
        "review_content_aignment": "left",
        "media_position": "image-first",
        "enable_quotation_icon": false,
        "icon": "format_quote",
        "icon_position": "right",
        "icon_height": "medium",
        "icon_height_mobile": "medium",
        "line_limit": 5,
        "enable_read_more": true,
        "button_style": "button button--primary",
        "button_size": "inherit",
        "read_more_label": "Show more",
        "read_less_label": "Show less",
        "enable_read_more_shadow": false,
        "show_more_gradient": "",
        "show_more_gradient_height": 40,
        "slider_on": "both",
        "enable_autoplay": false,
        "autoplay_speed": 5,
        "enable_loop": true,
        "enable_dots": true,
        "enable_arrows": true,
        "arrow_color": "inherit",
        "custom_arrow_color": "#ffffff",
        "custom_arrow_background_color": "#7559ff",
        "arrow_position": "middle",
        "color_scheme": "scheme-1",
        "custom_color_scheme": "",
        "padding___top": "inherit",
        "custom_padding_top": 36,
        "padding___bottom": "inherit",
        "custom_padding_bottom": 36
      }
    },
    "dbtfy_instagram_zGVf8j": {
      "type": "dbtfy-instagram",
      "blocks": {
        "heading": {
          "type": "_heading",
          "static": true,
          "settings": {
            "padding___top": "none",
            "custom_padding_top": 36,
            "padding___bottom": "none",
            "custom_padding_bottom": 36
          },
          "blocks": {
            "title_zEHcR4": {
              "type": "_title",
              "settings": {
                "title": "From our Instagram",
                "custom_color": false,
                "title_color": "#000000",
                "alignment": "text-center",
                "alignment_mobile": "",
                "size": "inherit",
                "style": "inherit",
                "padding___top": "inherit",
                "custom_padding_top": 36,
                "padding___bottom": "inherit",
                "custom_padding_bottom": 36
              }
            }
          },
          "block_order": ["title_zEHcR4"]
        },
        "instagram_images": {
          "type": "_instagram_images",
          "static": true,
          "settings": {},
          "blocks": {
            "instagram_image_pUYWNz": { "type": "_instagram_image", "settings": {} },
            "instagram_image_JeiKwa": { "type": "_instagram_image", "settings": {} },
            "instagram_image_UyEmRc": { "type": "_instagram_image", "settings": {} },
            "instagram_image_36nGeF": { "type": "_instagram_image", "settings": {} },
            "instagram_image_9ejzye": { "type": "_instagram_image", "settings": {} },
            "instagram_image_PCLzeD": { "type": "_instagram_image", "settings": {} },
            "instagram_image_gecbbi": { "type": "_instagram_image", "settings": {} },
            "instagram_image_h6Mh6p": { "type": "_instagram_image", "settings": {} },
            "instagram_image_MgdX3h": { "type": "_instagram_image", "settings": {} },
            "instagram_image_yaf69q": { "type": "_instagram_image", "settings": {} },
            "instagram_image_fw6FUX": { "type": "_instagram_image", "settings": {} },
            "instagram_image_hgKLfx": { "type": "_instagram_image", "settings": {} }
          },
          "block_order": [
            "instagram_image_pUYWNz",
            "instagram_image_JeiKwa",
            "instagram_image_UyEmRc",
            "instagram_image_36nGeF",
            "instagram_image_9ejzye",
            "instagram_image_PCLzeD",
            "instagram_image_gecbbi",
            "instagram_image_h6Mh6p",
            "instagram_image_MgdX3h",
            "instagram_image_yaf69q",
            "instagram_image_fw6FUX",
            "instagram_image_hgKLfx"
          ]
        }
      },
      "settings": {
        "show_on": "both",
        "container_size": "page-width",
        "enalbled_icon": true,
        "alignment": "justify-content-center",
        "dbtfy_instagram_feed_size": 30,
        "column_desktop": 6,
        "column_mobile": "1",
        "slider_on": "both",
        "enable_autoplay": false,
        "autoplay_speed": 5,
        "enable_loop": true,
        "enable_dots": false,
        "enable_arrows": false,
        "arrow_color": "inherit",
        "custom_arrow_color": "#ffffff",
        "custom_arrow_background_color": "#7559ff",
        "arrow_position": "middle",
        "color_scheme": "scheme-1",
        "custom_color_scheme": "",
        "padding___top": "inherit",
        "custom_padding_top": 36,
        "padding___bottom": "inherit",
        "custom_padding_bottom": 36
      }
    }
  },
  "order": [
    "main",
    "double_image_banner_VFhzKc",
    "featured_product_4UBACP",
    "slideshow_xUJkFp",
    "rich_text_jdp3K4",
    "dbtfy_before_and_after_gCDPnm",
    "dbtfy_testimonials_AeayWj",
    "dbtfy_instagram_zGVf8j"
  ]
}
