{"sections":{"main":{"type":"main-page","disabled":true,"settings":{}},"double_image_banner":{"type":"double-image-banner","settings":{"image":"shopify:\/\/shop_images\/Image_banner_2x_8.png","image_overlay_opacity":20,"image_height":"adapt","desktop_content_position":"middle-left","show_text_box":false,"image_behavior":"none","stack_images_on_mobile":true,"show_text_below":true}},"form":{"type":"contact-form","blocks":{"heading":{"type":"_heading","static":true,"settings":{},"blocks":{"title_jLQgHn":{"type":"_title","settings":{"title":"Contact form"}}},"block_order":["title_jLQgHn"]},"dbtfy-contact-form":{"type":"_dbtfy-contact-form","static":true,"settings":{},"blocks":{"input":{"type":"_dbtfy-cfb-input-block","settings":{}},"email":{"type":"_dbtfy-cfb-email-block","settings":{}},"phone":{"type":"_dbtfy-cfb-phone-block","settings":{}},"message":{"type":"_dbtfy-cfb-message-block","settings":{}},"button":{"type":"_dbtfy-cfb-button-block","settings":{}}},"block_order":["input","email","phone","message","button"]}},"settings":{}}},"order":["main","double_image_banner","form"]}