{"sections":{"dbtfy_separator_zt96D7":{"type":"dbtfy-separator","settings":{"container_size":"","padding___top":"none","padding___bottom":"none"}},"dbtfy-breadcrumbs":{"type":"dbtfy-breadcrumbs","settings":{"show_on":"both","show_social_media_icons":"both","share_on_facebook":true,"share_on_messenger":true,"tweet_on_twitter":true,"pin_on_pinterest":true,"share_on_whatsapp":true,"share_on_linkedin":true,"share_on_reddit":true,"share_on_email":true,"color_scheme":"scheme-1","padding___top":"small","padding___bottom":"small"}},"dbtfy_separator_zt96D8":{"type":"dbtfy-separator","settings":{"container_size":"","padding___top":"none","padding___bottom":"none"}},"rich_text_3q9WrW":{"type":"rich-text","blocks":{"title_7y99jW":{"type":"_title","settings":{"title":"Quick Compare: Instantly view and compare your favorites!","alignment":"text-center","size":"h3"}},"description_JxXaTE":{"type":"_description","settings":{"description":"<p>Keep track of your favorites, compare them quickly, and plan your next purchase with ease.<\/p>","alignment":"text-center"}}},"block_order":["title_7y99jW","description_JxXaTE"],"settings":{"desktop_content_position":"center","color_scheme":"scheme-1"}},"dbtfy_quick_compare_GmPH8r":{"type":"dbtfy-quick-compare","settings":{"empty_heading":"Your quick compare is empty","empty_heading_size":"h2"}}},"order":["dbtfy_separator_zt96D7","dbtfy-breadcrumbs","dbtfy_separator_zt96D8","rich_text_3q9WrW","dbtfy_quick_compare_GmPH8r"]}