{"sections":{"dbtfy-breadcrumbs":{"type":"dbtfy-breadcrumbs","settings":{"show_on":"both","show_social_media_icons":"both","share_on_facebook":true,"share_on_messenger":true,"tweet_on_twitter":true,"pin_on_pinterest":true,"share_on_whatsapp":true,"share_on_linkedin":true,"share_on_reddit":true,"share_on_email":true,"color_scheme":"scheme-4","custom_color_scheme":"","padding___top":"small","custom_padding_top":36,"padding___bottom":"small","custom_padding_bottom":36}},"main":{"type":"main-product","blocks":{"product_text_J6CJTc":{"type":"_product_text","settings":{"text":"{{ closest.product.vendor }}","text_style":"uppercase"},"blocks":{}},"product_title_L8Vi4N":{"type":"_product_title","settings":{},"blocks":{}},"product_text_GNJ9rW":{"type":"_product_text","settings":{"text":"{{ product.metafields.descriptors.subtitle.value }}","text_style":"subtitle"},"blocks":{}},"dbtfy_product_bullet_points_hd76s":{"type":"_product_bullet-points","settings":{},"blocks":{}},"product_rating_jKmprJ":{"type":"_product_rating","settings":{},"blocks":{}},"product_price_AcU9Ak":{"type":"_product_price","settings":{"hide_shipping_policy":true},"blocks":{}},"inventory_threshold_dst":{"type":"_inventory_quantity","settings":{"icon":"history","threshold":"Only {STOCK} items in stock!","instock":"In stock","inventory_threshold":4},"blocks":{}},"product_variant_picker_EgQCU4":{"type":"_product_variant-picker","settings":{},"blocks":{}},"product_text_AeK8E9":{"type":"_product_text","name":"t:general.settings.text","settings":{"text":"<strong>we create different  weight based on costumer's demand please call us at 9878481932<\/strong>","text_style":"body"},"blocks":{}},"product_quantity_breaks_g97BKa":{"type":"_product_quantity-breaks","settings":{},"blocks":{}},"product_description_cehQxn":{"type":"_product_description","settings":{},"blocks":{}},"product_tabs_nd7dT":{"type":"_product_tabs","settings":{},"blocks":{}},"dbtfy_customizable_f6R":{"type":"_product_customizable-products","settings":{"heading":""},"blocks":{}},"collapsible_content_fQfe9b":{"type":"_collapsible-content","settings":{},"blocks":{"collapsible_con_block_LJ4GdW":{"type":"_collapsible-con-block","settings":{"heading":"Materials","icon":"leather","row_content":"","page":""},"blocks":{}},"collapsible_con_block_eV6Bnb":{"type":"_collapsible-con-block","settings":{"heading":"Shipping & Returns","icon":"truck","row_content":"","page":""},"blocks":{}},"collapsible_con_block_H3b9VR":{"type":"_collapsible-con-block","settings":{"heading":"Dimensions","icon":"ruler","row_content":"","page":""},"blocks":{}},"collapsible_con_block_UXqDXH":{"type":"_collapsible-con-block","settings":{"heading":"Care Instructions","icon":"heart","row_content":"","page":""},"blocks":{}}},"block_order":["collapsible_con_block_LJ4GdW","collapsible_con_block_eV6Bnb","collapsible_con_block_H3b9VR","collapsible_con_block_UXqDXH"]},"product_social_discount_wBaEYM":{"type":"_product_social-discount","settings":{"color_scheme":"scheme-1","custom_color_scheme":"","button_label":"Share and get {amount}{discount} off!","button_icon":"share","modal_title":"Share and get {amount}{discount} off!","modal_content":"Simply share this product on one of the following social networks and you will unlock {amount}{discount} off!","modal_thank_you_title":"Thank you for sharing {amount}{discount} off!","modal_thank_you_content":"Copy the discount code below and paste it at checkout to get your discount","modal_discount_label":"Apply discount code","discount_name":"Debutify","discount_type":"%","discount_amount":"30","social_share_title":"Share on:","enable_facebook":true,"enable_twitter":true,"enable_pinterest":true,"enable_linkedin":true,"enable_whatsapp":true,"enable_email":true},"blocks":{}},"product_upsell_bundles_QKRKxe":{"type":"_product_upsell-bundles","settings":{"product":"","show_on":"both","button_style":"button button--primary","button_size":"inherit","total_price_label":"Total price:","button_label":"Add selected items","button_icon":"library_add_check","current_product_label":"Current Product","enable_rating":false,"enable_automatic_bundles":true,"count_in_bundle":"3","discount_code":"","discount_type":"%"},"blocks":{"heading":{"type":"_heading","static":true,"settings":{"padding___top":"none","custom_padding_top":36,"padding___bottom":"none","custom_padding_bottom":36},"blocks":{"title_mhdYCc":{"type":"_title","settings":{"title":"Frequently bought together","custom_color":false,"title_color":"#000000","alignment":"inherit","alignment_mobile":"","size":"h2","style":"inherit","padding___top":"inherit","custom_padding_top":36,"padding___bottom":"inherit","custom_padding_bottom":36},"blocks":{}}},"block_order":["title_mhdYCc"]}},"block_order":[]}},"block_order":["product_text_J6CJTc","product_title_L8Vi4N","product_text_GNJ9rW","dbtfy_product_bullet_points_hd76s","product_rating_jKmprJ","product_price_AcU9Ak","inventory_threshold_dst","product_variant_picker_EgQCU4","product_text_AeK8E9","product_quantity_breaks_g97BKa","product_description_cehQxn","product_tabs_nd7dT","dbtfy_customizable_f6R","collapsible_content_fQfe9b","product_social_discount_wBaEYM","product_upsell_bundles_QKRKxe"],"settings":{"enable_sticky_info":true,"color_scheme":"scheme-1","custom_color_scheme":"","media_size":"medium","constrain_to_viewport":true,"media_fit":"cover","gallery_layout":"stacked","media_position":"left","mobile_thumbnails":"hide","hide_variants":true,"enable_video_looping":false,"enable_video_control":false,"enable_arrows":true,"arrow_color":"inherit","custom_arrow_color":"#ffffff","custom_arrow_background_color":"#7559ff","padding___top":"inherit","custom_padding_top":36,"padding___bottom":"inherit","custom_padding_bottom":36}},"dbtfy-product-tabs":{"type":"dbtfy-product-tabs","settings":{}},"common-reviews-widget":{"type":"common-reviews-widget","settings":{"full_width":false,"enable_color_scheme":false,"color_scheme":"scheme-1","custom_color_scheme":""}},"dtm_review_section_irDfJM":{"type":"dtm-review-section","blocks":{"heading":{"type":"_heading","static":true,"settings":{"padding___top":"none","custom_padding_top":36,"padding___bottom":"extra_small","custom_padding_bottom":36},"blocks":{"title_KdFW3D":{"type":"_title","settings":{"title":"Customer Reviews","custom_color":false,"title_color":"#000000","alignment":"inherit","alignment_mobile":"","size":"h2","style":"inherit","padding___top":"inherit","custom_padding_top":36,"padding___bottom":"inherit","custom_padding_bottom":36},"blocks":{}}},"block_order":["title_KdFW3D"]},"review-rating-preview":{"type":"_review-rating-preview","static":true,"settings":{},"blocks":{"review_rating_overall_7C48jK":{"type":"_review-rating-overall","settings":{"rating_heading":"Overall rating","review_text":"Based on {number} reviews","verified_text":"Verified purchase","show_review_text":true,"show_verified_purchase":true},"blocks":{}},"review_rating_progress_UAB4tm":{"type":"_review-rating-progress","settings":{},"blocks":{}},"review_add_rating_iC4G4a":{"type":"_review-add-rating","settings":{"button_text":"Write a review","cancel_button_text":"Cancel review","thank_you_message":"Thank you! Your review should be displayed shortly."},"blocks":{"heading_rD9fhM":{"type":"_heading","settings":{"padding___top":"none","custom_padding_top":36,"padding___bottom":"none","custom_padding_bottom":36},"blocks":{"title_XxR9Ny":{"type":"_title","settings":{"title":"Submit your Review","custom_color":false,"title_color":"#000000","alignment":"inherit","alignment_mobile":"","size":"h4","style":"inherit","padding___top":"inherit","custom_padding_top":36,"padding___bottom":"inherit","custom_padding_bottom":36},"blocks":{}}},"block_order":["title_XxR9Ny"]},"review_form_settings_bGNYyq":{"type":"_review-form-settings","settings":{"preset_rating_to_5":true,"allow_customers_to_attach_photos":false,"name_field_label":"Name","make_the_name_field_mandatory":false,"email_field_label":"Email","rating_field_label":"Rating","review_title_label":"Review title","make_the_review_title_mandatory":false,"review_body_label":"Review Body","make_the_review_body_mandatory":false,"submit_review_label":"Submit review"},"blocks":{}}},"block_order":["heading_rD9fhM","review_form_settings_bGNYyq"]}},"block_order":["review_rating_overall_7C48jK","review_rating_progress_UAB4tm","review_add_rating_iC4G4a"]},"reviews":{"type":"_reviews","static":true,"settings":{},"blocks":{"review_filter_xKDwYf":{"type":"_review-filter","settings":{"default_sort_by_option":"highest_rating","sort_by_label":"Sort by","most_recent_label":"Most recent","highest_rating_label":"Highest rating","lowest_rating_label":"Lowest rating","with_imagesvideos_label":"With images\/videos","most_helpful_label":"Most helpful","oldest_label":"Oldest","default_show_label":"Per Page","default_show_option":"20","reviews_with_media_only_label":"Reviews with media only","show_reviews_with_media_only_checkbox":true},"blocks":{}},"review_listing_Jiitic":{"type":"_review-listing","settings":{"style":"grid","desktop_col_width":4,"mobile_col_width":"1","show_review_title":true,"show_attached_images":true,"show_attached_videos":true,"show_rating":true,"show_reviewer_name":true,"show_reviewer_photo_if_available":true,"show_date":true,"date_format":"dd\/mm\/yyyy","show_thumbsup_and_thumbsdown_icons":false,"media_aspect_ratio":"inherit","was_this_review_helpful_text":"Was this review helpful?","label_not_found":"No reviews found","slider_on":"both","enable_autoplay":false,"autoplay_speed":5,"enable_loop":true,"enable_dots":true,"enable_arrows":true,"arrow_position":"bottom","show_pagination":true,"pagination_text":"Load more"},"blocks":{}}},"block_order":["review_filter_xKDwYf","review_listing_Jiitic"]}},"settings":{"color_scheme":"scheme-1","custom_color_scheme":"","padding___top":"inherit","custom_padding_top":36,"padding___bottom":"inherit","custom_padding_bottom":36}},"dbtfy_upsell_bundles_6taxNn":{"type":"dbtfy-upsell-bundles","blocks":{"heading":{"type":"_heading","static":true,"settings":{"padding___top":"none","custom_padding_top":36,"padding___bottom":"none","custom_padding_bottom":36},"blocks":{"title_HbHmVK":{"type":"_title","settings":{"title":"Frequently bought together","custom_color":false,"title_color":"#000000","alignment":"inherit","alignment_mobile":"","size":"inherit","style":"inherit","padding___top":"inherit","custom_padding_top":36,"padding___bottom":"inherit","custom_padding_bottom":36},"blocks":{}}},"block_order":["title_HbHmVK"]}},"settings":{"product":"","show_on":"both","container_size":"page-width","button_style":"button button--primary","button_size":"inherit","total_price_label":"Total price:","button_label":"Add selected items","button_icon":"library_add_check","current_product_label":"Current Product","enable_rating":false,"enable_automatic_bundles":true,"count_in_bundle":"3","discount_code":"","discount_type":"%","color_scheme":"scheme-1","custom_color_scheme":"","padding___top":"inherit","custom_padding_top":36,"padding___bottom":"inherit","custom_padding_bottom":36}},"multicolumn":{"type":"multicolumn","blocks":{"heading":{"type":"_heading","static":true,"settings":{"padding___top":"none","custom_padding_top":36,"padding___bottom":"none","custom_padding_bottom":36},"blocks":{}},"multicolumn":{"type":"_multicolumn","static":true,"settings":{},"blocks":{"multicolumn_block_QqtcUc":{"type":"_multicolumn-block","settings":{},"blocks":{}},"multicolumn_block_fPnTwb":{"type":"_multicolumn-block","settings":{},"blocks":{}}},"block_order":["multicolumn_block_QqtcUc","multicolumn_block_fPnTwb"]}},"settings":{"show_on":"both","container_size":"page-width","image_width":"full","image_ratio":"inherit","image_crop_position":"inherit","columns_desktop":2,"column_alignment":"left","background_style":"none","button_label":"","button_link":"","button_style":"button button--primary","button_size":"inherit","columns_mobile":"1","slider_on":"mobile","enable_autoplay":false,"autoplay_speed":5,"enable_loop":true,"enable_dots":true,"enable_arrows":true,"arrow_color":"inherit","custom_arrow_color":"#ffffff","custom_arrow_background_color":"#7559ff","arrow_position":"bottom","color_scheme":"scheme-1","custom_color_scheme":"","padding___top":"inherit","custom_padding_top":36,"padding___bottom":"inherit","custom_padding_bottom":36}},"related-products":{"type":"related-products","blocks":{"heading":{"type":"_heading","static":true,"settings":{"padding___top":"none","custom_padding_top":36,"padding___bottom":"none","custom_padding_bottom":36},"blocks":{"title":{"type":"_title","settings":{"title":"You may also like","custom_color":false,"title_color":"#000000","alignment":"inherit","alignment_mobile":"","size":"inherit","style":"inherit","padding___top":"inherit","custom_padding_top":36,"padding___bottom":"inherit","custom_padding_bottom":36},"blocks":{}}},"block_order":["title"]}},"settings":{"products_to_show":4,"columns_desktop":4,"image_ratio":"inherit","image_crop_position":"inherit","image_shape":"default","show_secondary_image":"inherit","show_carousel":"inherit","quick_add":"none","show_vendor":false,"show_rating":false,"columns_mobile":"2","color_scheme":"scheme-2","custom_color_scheme":"","padding___top":"inherit","custom_padding_top":36,"padding___bottom":"inherit","custom_padding_bottom":36}},"dbtfy-recently-viewed":{"type":"dbtfy-recently-viewed","blocks":{"heading":{"type":"_heading","static":true,"settings":{"padding___top":"none","custom_padding_top":36,"padding___bottom":"none","custom_padding_bottom":36},"blocks":{"title_AYMDPx":{"type":"_title","settings":{"title":"Recently viewed products","custom_color":false,"title_color":"#000000","alignment":"inherit","alignment_mobile":"","size":"inherit","style":"inherit","padding___top":"inherit","custom_padding_top":36,"padding___bottom":"inherit","custom_padding_bottom":36},"blocks":{}}},"block_order":["title_AYMDPx"]}},"settings":{"show_on":"both","empty_heading":"Your recently viewed is empty","empty_heading_size":"h2","grid_col_desktop":4,"grid_col_mobile":"2","products_to_show":4,"image_ratio":"inherit","image_crop_position":"inherit","slider_on":"both","enable_autoplay":false,"autoplay_speed":5,"enable_loop":true,"enable_dots":true,"enable_arrows":true,"arrow_color":"inherit","custom_arrow_color":"#ffffff","custom_arrow_background_color":"#7559ff","arrow_position":"middle","color_scheme":"scheme-1","custom_color_scheme":"","padding___top":"inherit","custom_padding_top":36,"padding___bottom":"inherit","custom_padding_bottom":36}}},"order":["dbtfy-breadcrumbs","main","dbtfy-product-tabs","common-reviews-widget","dtm_review_section_irDfJM","dbtfy_upsell_bundles_6taxNn","multicolumn","related-products","dbtfy-recently-viewed"]}