{"current":{"dbtfy_agree_to_terms":true,"dbtfy_cookie_box":false,"dbtfy_infinite_scroll":false,"dbtfy_page_transition":true,"dbtfy_remove_debutify_branding":false,"predictive_search_enabled":true,"predictive_search_show_vendor":false,"predictive_search_show_price":false,"favicon":"shopify:\/\/shop_images\/favicon_1_77e2ea04-379b-4868-8709-c27ad0ac4c7f.svg","logo":"shopify:\/\/shop_images\/logo_1.svg","logo_width":100,"mobile_logo":"shopify:\/\/shop_images\/favicon_1_77e2ea04-379b-4868-8709-c27ad0ac4c7f.svg","mobile_logo_width":50,"light_color":"#ffffff","dark_color":"#202020","primary_color":"#b2bdbd","inverse_light_and_dark_for_primary_color":true,"secondary_color":"#7C73AC","h1_line_height":48,"h2_line_height":38,"h3_line_height":32,"h4_line_height":28,"h5_line_height":24,"h6_font_size":12,"type_header_font":"figtree_n5","custom_heading_font_weight":300,"heading_scale":125,"type_body_font":"anonymous_pro_n4","custom_body_font_weight":400,"body_scale":100,"page_width":1200,"spacing_sections":0,"spacing_grid_horizontal":12,"spacing_grid_vertical":12,"animations_reveal_on_scroll":true,"animations_hover_elements":"none","buttons_border_thickness":1,"buttons_border_opacity":100,"buttons_radius":40,"buttons_shadow_opacity":0,"buttons_shadow_horizontal_offset":0,"buttons_shadow_vertical_offset":4,"buttons_shadow_blur":5,"variant_pills_border_thickness":1,"variant_pills_border_opacity":55,"variant_pills_radius":40,"variant_pills_shadow_opacity":0,"variant_pills_shadow_horizontal_offset":0,"variant_pills_shadow_vertical_offset":4,"variant_pills_shadow_blur":5,"inputs_border_thickness":1,"inputs_border_opacity":55,"inputs_radius":6,"inputs_shadow_opacity":0,"inputs_shadow_horizontal_offset":0,"inputs_shadow_vertical_offset":4,"inputs_shadow_blur":5,"card_style":"standard","card_image_padding":0,"card_text_alignment":"center","card_color_scheme":"scheme-1","card_border_thickness":0,"card_border_opacity":10,"card_corner_radius":6,"card_shadow_opacity":0,"card_shadow_horizontal_offset":10,"card_shadow_vertical_offset":4,"card_shadow_blur":5,"collection_card_style":"standard","collection_card_image_padding":0,"collection_card_text_alignment":"center","collection_card_color_scheme":"scheme-1","collection_card_border_thickness":0,"collection_card_border_opacity":10,"collection_card_corner_radius":6,"collection_card_shadow_opacity":0,"collection_card_shadow_horizontal_offset":10,"collection_card_shadow_vertical_offset":4,"collection_card_shadow_blur":5,"blog_card_style":"standard","blog_card_image_padding":0,"blog_card_text_alignment":"center","blog_card_color_scheme":"scheme-1","blog_card_border_thickness":0,"blog_card_border_opacity":10,"blog_card_corner_radius":6,"blog_card_shadow_opacity":5,"blog_card_shadow_horizontal_offset":10,"blog_card_shadow_vertical_offset":4,"blog_card_shadow_blur":5,"text_boxes_border_thickness":2,"text_boxes_border_opacity":100,"text_boxes_radius":6,"text_boxes_shadow_opacity":0,"text_boxes_shadow_horizontal_offset":10,"text_boxes_shadow_vertical_offset":4,"text_boxes_shadow_blur":5,"media_border_thickness":2,"media_border_opacity":100,"media_radius":6,"media_shadow_opacity":10,"media_shadow_horizontal_offset":10,"media_shadow_vertical_offset":4,"media_shadow_blur":5,"popup_border_thickness":2,"popup_border_opacity":100,"popup_corner_radius":6,"popup_shadow_opacity":5,"popup_shadow_horizontal_offset":10,"popup_shadow_vertical_offset":4,"popup_shadow_blur":5,"drawer_border_thickness":2,"drawer_border_opacity":100,"drawer_shadow_opacity":0,"drawer_shadow_horizontal_offset":0,"drawer_shadow_vertical_offset":4,"drawer_shadow_blur":5,"badge_position":"bottom right","badge_corner_radius":40,"sale_badge_background_color":"#020912","sale_badge_background_gradient_color":"","sale_badge_text_color":"#fcfcfc","sold_out_background_color":"#020912","sold_out_background_gradient_color":"","sold_out_text_color":"#fcfcfc","brand_headline":"","brand_description":"<p><\/p>","brand_image_width":100,"social_facebook_link":"Debutify","social_instagram_link":"Debutify","social_youtube_link":"Debutify","social_tiktok_link":"Debutify","social_twitter_link":"Debutify","social_snapchat_link":"","social_pinterest_link":"","social_tumblr_link":"","social_vimeo_link":"","currency_code_enabled":true,"cart_type":"drawer","show_vendor":false,"show_cart_note":true,"dbtfy_cart_bubble_animation_enabled":true,"dbtfy_cart_bubble_animation_type":"bounce","dbtfy_cart_bubble_animation_interval":5,"dbtfy_cart_bubble_animation_duration":1,"cart_drawer_collection":"","sections":{"dbtfy-widgets-group":{"type":"dbtfy-widgets-group","blocks":{"dbtfy_variant_swatches_fx3a7w":{"type":"_dbtfy-variant-swatches","settings":{},"blocks":{"dbtfy_variant_swatch_gAakDk":{"type":"_dbtfy-variant-swatch","settings":{"heading":"","color_name":"","color":""},"blocks":{}}},"block_order":["dbtfy_variant_swatch_gAakDk"]},"widget-help-center":{"type":"_dbtfy-help-center","static":true,"settings":{"show_live_chat":false},"blocks":{}},"widget-scroll-bar":{"type":"_dbtfy-scroll-bar","static":true,"settings":{"scrollbar_style":"default","scrollbar_color":"#707070","scrollbar_back_color":"#f5f5f5","scrollbar_width":7,"scrollbar_edge_shape":"square","cursor_size":12},"blocks":{}},"widget-cart-favicon":{"type":"_dbtfy-cart-favicon","static":true,"settings":{"dbtfy_cart_error_favicon_icon_duration":7,"dbtfy_badge_counter_style":"circle","dbtfy_badge_counter_position":"bottom-left","dbtfy_badge_background_color":"#eb361e","dbtfy_badge_text_color":"#ffffff"},"blocks":{}},"widget-back-to-top":{"type":"_dbtfy-back-to-top","static":true,"settings":{"show_on":"both","position":"right","icon":"1","enable_background_animation":true,"display_after_scrolling":200,"border":1,"radius":8,"color_scheme":"scheme-4","custom_color_scheme":""},"blocks":{}},"widget-cart-notification":{"type":"_dbtfy-cart-notification","static":true,"settings":{"heading":"Cart notification","show_on":"desktop-only","show_product_image":true,"text":"<b>{product_title}<\/b> item has been added to your cart","button_text":"Checkout","close_icon":"close","color_scheme":"scheme-3","custom_color_scheme":""},"blocks":{}},"widget-cart-reminder":{"type":"_dbtfy-cart-reminder","static":true,"settings":{"heading":"Cart reminder","show_on":"both","display_time":3,"interval_time":5,"position":"bottom-left","close_icon":"close","text":"<b>{product_title}<\/b> don't miss out this product","button_text":"Checkout","color_scheme":"scheme-3","custom_color_scheme":""},"blocks":{}},"widget-cookie-box":{"type":"_dbtfy-cookie-box","static":true,"settings":{"heading":"Cookie box","eu_only":false,"title":"<strong>Do you like cookies?<\/strong>","subheading":"<p>🍪 We use cookies to ensure you get the best experience on our website.<\/p>","button_text":"Accept cookies","button_style":"button button--primary","button_size":"inherit","close_icon":"close","color_scheme":"scheme-2","custom_color_scheme":""},"blocks":{}},"widget-inactive-tab-message":{"type":"_dbtfy-inactive-tab-message","static":true,"settings":{"inactive_tab_delay":1},"blocks":{}},"widget-page-transition":{"type":"_dbtfy-page-transition","static":true,"settings":{"dbtfy_page_transition_width":80},"blocks":{}},"widget-sticky-add-to-cart":{"type":"_dbtfy-sticky-add-to-cart","static":true,"settings":{"show_on":"both","dbtfy_sticky_addtocart_show_star_rating":true,"dbtfy_sticky_addtocart_enable_animation":true,"dbtfy_addtocart_simplified_mobile_display":true,"dbtfy_addtocart_animation_type":"tada","dbtfy_addtocart_animation_interval":5,"dbtfy_addtocart_animation_duration":1,"dbtfy_sticky_addtocart_position":"bottom","dbtfy_sticky_addtocart_trigger_type":"scroll","dbtfy_sticky_addtocart_scroll_percentage":50,"color_scheme":"scheme-3","custom_color_scheme":""},"blocks":{}},"widget-newsletter-popup":{"type":"_dbtfy-newsletter-popup","static":true,"settings":{"enabled":false,"sidebar_enabled":false,"sidebar_position":"right","sidebar_vertical_position":50,"sidebar_icon":"arrow_drop_up","sidebar_text":"Get {amount}{discount} off","modal_width":"medium","image_as_background":false,"image_position":"center-center","icon_mail":"mail","modal_heading":"Subscribe to our Newsletter!","modal_subheading":"Get {amount}{discount} off your first purchase by subscribing to our newsletter.","modal_text":"No thanks, I don't like discounts.","close_icon_hide":true,"thank_you_heading":"Thank you!","thank_you_subheading":"Copy the discount code below and paste it at checkout to get your discount!","thank_you_button":"Apply discount code","activate_modal":"page_load","time":5,"scroll_depth":15,"discount_name":"DEBUTIFY","discount_type":"percentage","discount_amount":"40","customer_tag":"newsletter","color_scheme":"scheme-1","custom_color_scheme":""},"blocks":{}},"widget-age-check":{"type":"_dbtfy-age-check","static":true,"settings":{"heading":"Age check","verification_type":"birth-date","birthdate_layout_type":"horizontal","yes_text":"Yes I'm 18 years old","no_text":"No I'm not","valid_age":18,"logo_width":80,"title":"Age Check","verify_text":"Please verify your age to continue","verify_err_text":"You are too young to view this website.","verify_birth_err_text":"Please verify your birthdate.","button_text":"Enter","color_scheme":"scheme-2","custom_color_scheme":""},"blocks":{}},"widget-shop-protect":{"type":"_dbtfy-shop-protect","static":true,"settings":{"dbtfy_shop_protect_disable_images_copy":true,"dbtfy_shop_protect_images_dragging":true,"dbtfy_shop_protect_disable_product_text_copy":true,"dbtfy_shop_protect_disable_article_text_copy":true,"dbtfy_shop_protect_disable_best_selling":true},"blocks":{}},"widget-sales-popup":{"type":"_dbtfy-sales-popup","static":true,"settings":{"heading":"Sales popup notification","template_style":"square","template_position_desktop":"bottom-left","template_position_mobile":"bottom-center","product_image_shape":"square","product_image_edge_radius":100,"product_image_width":100,"product_image_height":100,"enable_homepage":true,"enable_product_page":true,"enable_collection_page":true,"enable_notification_sound":true,"show_notification_in_queue":true,"delay_time":9,"display_time":3,"show_product_star_rating":true,"show_button_for_detail":true,"detail_button_text":"See detail","text":"{CUSTOMER} from {CITY} bought","customer_names":"Edward,Anna,Cristina,James,Michael,Rovert,John,David,William,Ricahrd","city_names":"Califonia,Illinois,New York,Seattle,Chicago,Austin,Denver,San Francisco,Boston,Portland","products":[],"time":"1 min ago","show_low_stock_bar":true,"text_for_low_stock_bar":"Only {STOCK} items in stock!","low_stock_color":"#252a2a","low_stock_background":"#c2b7ac","threshold_quantity":10,"enable_badge":true,"badge_text":"sale","badge_icon":"shield","close_icon":"close","color_scheme":"scheme-2","custom_color_scheme":""},"blocks":{}},"widget-upsell-popup":{"type":"_dbtfy-upsell-popup","static":true,"settings":{"upsell_title":"Make it complete with {product_title}","modal_width":"large","decline_text":"No thanks","checkout_text":"Go to checkout →","alignment":"inherit","color_scheme":"scheme-2","custom_color_scheme":""},"blocks":{}},"widget-customizable-products":{"type":"_dbtfy-customizable-products","static":true,"settings":{},"blocks":{}},"widget-back-in-stock":{"type":"_dbtfy-back-in-stock","static":true,"settings":{"dbtfy_back_in_stock_button_name":"Notify me","dbtfy_back_in_stock_success_message":"We will notify you as soon as the item is in stock!","already_subscribed_message":"You are already subscribed to our newsletter","dbtfy_back_in_stock_icon":"notifications_active","dbtfy_back_in_stock_message":"Please notify me when {product_title} becomes available","dbtfy_back_in_stock_animation_enable":true,"dbtfy_back_in_stock_animation_type":"tada","dbtfy_back_in_stock_animation_interval":5,"dbtfy_back_in_stock_animation_duration":1},"blocks":{}},"widget-product-bullet-points":{"type":"_dbtfy-product-bullet-points","static":true,"settings":{"position":"separate-block","position_in_description":"above","show_one_per_line":true,"bullet_type":"icon","text_alignment":"left"},"blocks":{}},"widget-product-tabs":{"type":"_dbtfy-product-tabs","static":true,"settings":{"show_as_separate_section":false,"display_type":"vertical","color_scheme":"scheme-1","custom_color_scheme":"","padding___top":"inherit","custom_padding_top":36,"padding___bottom":"inherit","custom_padding_bottom":36},"blocks":{}},"widget-quantity-breaks":{"type":"_dbtfy-quantity-breaks","static":true,"settings":{"enable_quantity_breaks":true,"heading":"Quantity breaks","enable_single_quantity":true,"single_quantity_text":"Buy {COUNT}","single_quantity_subtext":"Standard price","multiple_quantity_text":"Buy {COUNT}","multiple_quantity_subtext":"You have saved {SAVED_AMOUNT}","text":"Add {count} more item to unlock {discount} off","highest_discount_text":"Highest discount applied!"},"blocks":{}},"widget-upsell-bundles":{"type":"_dbtfy-upsell-bundles","static":true,"settings":{},"blocks":{}},"widget-infinite-scroll":{"type":"_dbtfy-infinite-scroll","static":true,"settings":{"infinite_scroll_type":"click","infinite_scroll_button":"Load More","banner_button_style":"button button--secondary","button_size":"inherit"},"blocks":{}},"widget-trust-badge":{"type":"_dbtfy-trust-badge","static":true,"settings":{"trust_badges_heading":"Payment & Security","trust_badges_heading_size":"h3","trust_badges_subheading":"Secure and trusted checkout","trust_badges_subheading_size":"h3","trust_badges_text":"Your payment information is processed securely. We do not store payment details nor have access to your payment information.","trust_badges_text_size":"body","padding___top":"none","custom_padding_top":36,"padding___bottom":"none","custom_padding_bottom":36},"blocks":{"trust-payment-icons":{"type":"_trust-payment-icons","static":true,"settings":{"media_width":38,"media_height":24},"blocks":{}},"trust-badge":{"type":"_trust-badge","static":true,"settings":{"layout":"column","trust_badges_enable_card":false,"trust_badges_enable_gray_logos":false,"trust_badges_logo_heading_size":"h2","trust_badges_logo_text_size":"h2","desktop_col_width":2,"mobile_col_width":"1","slider_on":"both","enable_autoplay":false,"autoplay_speed":5,"enable_loop":true,"enable_arrows":true,"arrow_color":"inherit","custom_arrow_color":"#ffffff","custom_arrow_background_color":"#7559ff"},"blocks":{}}},"block_order":[]},"widget-cart-upsells":{"type":"_cart-upsells","static":true,"settings":{},"blocks":{}},"widget-cart-timer":{"type":"_cart-timer-group","static":true,"settings":{},"blocks":{}},"external-urls-handler":{"type":"_external-urls-handler","static":true,"settings":{"auto_scan":true,"external_urls":"debutify.com, google.com, facebook.com, x.com, linkedin.com, twitter.com"},"blocks":{}}},"block_order":["dbtfy_variant_swatches_fx3a7w"],"settings":{}},"main-password-header":{"type":"main-password-header","settings":{"color_scheme":"scheme-1"}},"main-password-footer":{"type":"main-password-footer","settings":{"color_scheme":"scheme-1"}},"cart-drawer":{"type":"cart-drawer","blocks":{"cart-heading":{"type":"_cart-heading","static":true,"settings":{"heading_text":"Cart • {count} items","heading_alignment":"flex-start","close_icon":"Close"},"blocks":{}},"cart-goals":{"type":"_cart-goals","static":true,"settings":{},"blocks":{}},"cart-countdown-timer":{"type":"_cart-countdown-timer","static":true,"settings":{},"blocks":{}},"cart-preferences":{"type":"_cart-preferences","static":true,"settings":{},"blocks":{"cart_discount_j3bydh":{"type":"_cart-discount","settings":{"dbtfy_cart_discount_label_icon":"local_offer","dbtfy_cart_discount_text":"Cart Discount","dbtfy_cart_discount_icon":"arrow_forward","dbtfy_cart_discount_placeholder_text":"Enter a discount code here"},"blocks":{}},"cart_delivery_date_hV83HJ":{"type":"_cart-delivery-date","settings":{"dbtfy_delivery_label_icon":"local_offer","dbtfy_delivery_date_heading":"Delivery date","dbtfy_delivery_date_exclude_days":"SAT, SUN, THU","dbtfy_delivery_date_required_checkout":false},"blocks":{}},"cart_delivery_time_7EYML3":{"type":"_cart-delivery-time","settings":{"dbtfy_delivery_time_label_icon":"local_offer","dbtfy_delivery_time_heading":"Delivery Time","dbtfy_delivery_time_min":8,"dbtfy_delivery_time_max":20,"dbtfy_delivery_time_required_checkout":false},"blocks":{}},"order_feedback_p9BrHW":{"type":"_order-feedback","settings":{"dbtfy_order_feedback_label_icon":"local_offer","dbtfy_order_feedback_required":false,"dbtfy_order_feedback_question":"How did you hear about us?","dbtfy_order_feedback_option":"Facebook,Twitter,Google,Instagram,Youtube,Other"},"blocks":{}},"cart_note_qQtbPd":{"type":"_cart-note","settings":{"dbtfy_cart_note_icon":"check_circle","dbtfy_cart_note_heading":"Order special instructions"},"blocks":{}},"cart_gift_wrap_PC3nM8":{"type":"_cart-gift-wrap","settings":{"dbtfy_gift_wrap_label_icon":"card_giftcard","dbtfy_gift_wrap_product":"","dbtfy_gift_wrap_show_price":true},"blocks":{}},"cart_shipping_calculator_zDdted":{"type":"_cart-shipping-calculator","settings":{"shipping_calculator_label_icon":"location_on","title":"Shipping calculator","text_no_results":"No shipping rates found!","text_country":"Country","text_province":"Province","text_zip":"Zip","btn_label":"Calculate","btn_style":"button button--primary","button_size":"inherit"},"blocks":{}}},"block_order":["cart_discount_j3bydh","cart_delivery_date_hV83HJ","cart_delivery_time_7EYML3","order_feedback_p9BrHW","cart_note_qQtbPd","cart_gift_wrap_PC3nM8","cart_shipping_calculator_zDdted"]},"cart-order-summary":{"type":"_cart-order-summary","static":true,"settings":{"sticky_block":true},"blocks":{"trust_badges_Qmc7jf":{"type":"_trust_badges","settings":{"trust_badges_badge_type":"payment_options","show_heading":false,"show_subheading":false,"show_informative_text":false,"trust_badges_alignment_footer":"center"},"blocks":{}},"cart_subtotal_GbjzGh":{"type":"_cart-subtotal","settings":{},"blocks":{}},"cart_agree_to_terms_t4QdgQ":{"type":"_cart-agree-to-terms","settings":{"agree_to_terms_text":"<p>I agree with the <a href='\/pages\/terms-of-service'>terms & conditions<\/a><\/p>","is_agree_to_terms_checked":false},"blocks":{}},"cart_tax_3KjGkK":{"type":"_cart-tax","settings":{},"blocks":{}},"cart_checkout_CMx8R9":{"type":"_cart-checkout","settings":{},"blocks":{}},"cart_minimum_order_Q67Gyn":{"type":"_cart-minimum-order","settings":{"dbtfy_minimum_order_amount":0,"dbtfy_minimum_order_icon":"info_outline","dbtfy_minimum_order_message":"You still haven't reached the minimum order amount. Add {amount} to proceed.","dbtfy_minimum_order_achieve_message":"Minimum order amount reached. You may proceed to checkout."},"blocks":{}},"cart_quantity_break_iE3V6n":{"type":"_cart-quantity-break","settings":{},"blocks":{}}},"block_order":["trust_badges_Qmc7jf","cart_subtotal_GbjzGh","cart_agree_to_terms_t4QdgQ","cart_tax_3KjGkK","cart_checkout_CMx8R9","cart_minimum_order_Q67Gyn","cart_quantity_break_iE3V6n"]}},"settings":{"desktop_width":"normal","mobile_width":"partial","cart_drawer_collection":"","continue_shopping_text":"","color_scheme":"scheme-1","custom_color_scheme":""}},"dbtfy-wishlist-drawer":{"type":"dbtfy-wishlist-drawer","blocks":{"dbtfy-wishlist-drawer-0":{"type":"drawer_title","settings":{"wishlist_drawer_title":"Wishlist • {count} items","heading_size":"h2","heading_alignment":"left"}},"dbtfy-wishlist-drawer-1":{"type":"drawer_items","settings":{}},"dbtfy-wishlist-drawer-2":{"type":"drawer_empty","settings":{"empty_drawer_text":"Your wishlist is empty","empty_heading_size":"h2"}}},"block_order":["dbtfy-wishlist-drawer-0","dbtfy-wishlist-drawer-1","dbtfy-wishlist-drawer-2"],"settings":{"desktop_width":"normal","wishlist_drawer_icon":"Close","color_scheme":"scheme-1","custom_color_scheme":""}},"dbtfy-compare-drawer":{"type":"dbtfy-compare-drawer","blocks":{"dbtfy-compare-drawer-0":{"type":"drawer_title","settings":{"quick_compare_drawer_title":"Compare • {count} items","heading_size":"h2","heading_alignment":"left"}},"dbtfy-compare-drawer-1":{"type":"drawer_items","settings":{}},"dbtfy-compare-drawer-2":{"type":"drawer_empty","settings":{"empty_drawer_text":"Your quick compare is empty","empty_heading_size":"h2"}}},"block_order":["dbtfy-compare-drawer-0","dbtfy-compare-drawer-1","dbtfy-compare-drawer-2"],"settings":{"desktop_width":"normal","quick_compare_drawer_icon":"Close","quick_compare_product_image_height":100,"color_scheme":"scheme-1","custom_color_scheme":""}}},"content_for_index":[],"color_schemes":{"scheme-1":{"settings":{"background":"#ca3535","background_gradient":"linear-gradient(133deg, rgba(250, 220, 54, 1) 11%, rgba(254, 98, 146, 1) 49%, rgba(250, 220, 54, 1) 87%)","text":"#000000","button":"#000000","button_label":"#ffffff","secondary_button_label":"#001128","shadow":"#001128"}},"scheme-2":{"settings":{"background":"#ffffff","background_gradient":"","text":"#262626","button":"#1c2228","button_label":"#ffffff","secondary_button_label":"#797572","shadow":"#001128"}},"scheme-3":{"settings":{"background":"#c2b7ac","background_gradient":"","text":"#262626","button":"#fdfdfd","button_label":"#262626","secondary_button_label":"#54483c","shadow":"#001128"}},"scheme-4":{"settings":{"background":"#1c2228","background_gradient":"","text":"#ffffff","button":"#ffffff","button_label":"#001128","secondary_button_label":"#ffffff","shadow":"#001128"}}}},"presets":{"Default":{"logo_width":70,"primary_color":"#7559ff","secondary_color":"#7C73AC","light_color":"#EEEAFF","dark_color":"#000000","color_schemes":{"scheme-1":{"settings":{"background":"#ca3535","background_gradient":"linear-gradient(133deg, rgba(250, 220, 54, 1) 11%, rgba(254, 98, 146, 1) 49%, rgba(250, 220, 54, 1) 87%)","text":"#000000","button":"#000","button_label":"#ffffff","secondary_button_label":"#001128","shadow":"#001128"}},"scheme-2":{"settings":{"background":"#ffffff","background_gradient":"","text":"#262626","button":"#1C2228","button_label":"#ffffff","secondary_button_label":"#797572","shadow":"#001128"}},"scheme-3":{"settings":{"background":"#c2b7ac","background_gradient":"","text":"#262626","button":"#fdfdfd","button_label":"#262626","secondary_button_label":"#54483c","shadow":"#001128"}},"scheme-4":{"settings":{"background":"#1c2228","background_gradient":"","text":"#ffffff","button":"#ffffff","button_label":"#001128","secondary_button_label":"#ffffff","shadow":"#001128"}}},"type_header_font":"poppins_n7","heading_scale":100,"type_body_font":"jost_n4","body_scale":100,"page_width":1200,"spacing_sections":0,"spacing_grid_horizontal":12,"spacing_grid_vertical":12,"animations_reveal_on_scroll":true,"animations_hover_elements":"default","buttons_border_thickness":1,"buttons_border_opacity":55,"buttons_radius":6,"buttons_shadow_opacity":0,"buttons_shadow_horizontal_offset":0,"buttons_shadow_vertical_offset":4,"buttons_shadow_blur":5,"variant_pills_border_thickness":1,"variant_pills_border_opacity":10,"variant_pills_radius":6,"variant_pills_shadow_opacity":0,"variant_pills_shadow_horizontal_offset":0,"variant_pills_shadow_vertical_offset":4,"variant_pills_shadow_blur":5,"inputs_border_thickness":1,"inputs_border_opacity":55,"inputs_radius":6,"inputs_shadow_opacity":0,"inputs_shadow_horizontal_offset":0,"inputs_shadow_vertical_offset":4,"inputs_shadow_blur":5,"card_style":"card","card_image_padding":0,"card_text_alignment":"center","card_color_scheme":"scheme-1","card_border_thickness":0,"card_border_opacity":10,"card_corner_radius":6,"card_shadow_opacity":5,"card_shadow_horizontal_offset":10,"card_shadow_vertical_offset":10,"card_shadow_blur":35,"collection_card_style":"card","collection_card_image_padding":0,"collection_card_text_alignment":"center","collection_card_color_scheme":"scheme-1","collection_card_border_thickness":0,"collection_card_border_opacity":10,"collection_card_corner_radius":6,"collection_card_shadow_opacity":5,"collection_card_shadow_horizontal_offset":10,"collection_card_shadow_vertical_offset":10,"collection_card_shadow_blur":35,"blog_card_style":"card","blog_card_image_padding":0,"blog_card_text_alignment":"center","blog_card_color_scheme":"scheme-1","blog_card_border_thickness":0,"blog_card_border_opacity":10,"blog_card_corner_radius":6,"blog_card_shadow_opacity":5,"blog_card_shadow_horizontal_offset":10,"blog_card_shadow_vertical_offset":10,"blog_card_shadow_blur":35,"text_boxes_border_thickness":0,"text_boxes_border_opacity":10,"text_boxes_radius":6,"text_boxes_shadow_opacity":0,"text_boxes_shadow_horizontal_offset":10,"text_boxes_shadow_vertical_offset":12,"text_boxes_shadow_blur":20,"media_border_thickness":0,"media_border_opacity":10,"media_radius":12,"media_shadow_opacity":10,"media_shadow_horizontal_offset":10,"media_shadow_vertical_offset":12,"media_shadow_blur":20,"popup_border_thickness":1,"popup_border_opacity":10,"popup_corner_radius":6,"popup_shadow_opacity":10,"popup_shadow_horizontal_offset":10,"popup_shadow_vertical_offset":12,"popup_shadow_blur":20,"drawer_border_thickness":1,"drawer_border_opacity":10,"drawer_shadow_opacity":0,"drawer_shadow_horizontal_offset":0,"drawer_shadow_vertical_offset":4,"drawer_shadow_blur":5,"badge_position":"top left","badge_corner_radius":6,"sale_badge_background_color":"#323841","sale_badge_background_gradient_color":"","sale_badge_text_color":"#ffffff","sold_out_background_color":"#c2b7ac","sold_out_background_gradient_color":"","sold_out_text_color":"#262626","brand_headline":"","brand_description":"<p><\/p>","brand_image_width":"100","social_facebook_link":"","social_instagram_link":"","social_youtube_link":"","social_tiktok_link":"","social_twitter_link":"","social_snapchat_link":"","social_pinterest_link":"","social_tumblr_link":"","social_vimeo_link":"","predictive_search_enabled":true,"predictive_search_show_vendor":false,"predictive_search_show_price":false,"currency_code_enabled":true,"cart_type":"drawer","show_vendor":false,"show_cart_note":true,"dbtfy_cart_bubble_animation_enabled":"true","dbtfy_cart_bubble_animation_type":"bounce","dbtfy_cart_bubble_animation_interval":5,"dbtfy_cart_bubble_animation_duration":1,"cart_drawer_collection":"","sections":{"dbtfy-widgets-group":{"type":"dbtfy-widgets-group","blocks":{"dbtfy_variant_swatches_tR7z6P":{"type":"_dbtfy-variant-swatches","settings":{},"blocks":{"dbtfy-variant_swatches_icnaw8":{"type":"_dbtfy-variant-swatch","settings":{"heading":"","color_name":"","color":""}}},"block_order":["dbtfy-variant_swatches_icnaw8"]}},"settings":{}},"main-password-header":{"type":"main-password-header","settings":{"color_scheme":"scheme-1"}},"main-password-footer":{"type":"main-password-footer","settings":{"color_scheme":"scheme-1"}}},"content_for_index":[]},"Simple":{"logo_width":70,"primary_color":"#7559ff","secondary_color":"#7C73AC","light_color":"#EEEAFF","dark_color":"#000000","color_schemes":{"scheme-1":{"settings":{"background":"#FDFBF7","background_gradient":"linear-gradient(180deg, rgba(240, 244, 236, 1), rgba(241, 235, 226, 1) 100%)","text":"#2E2A39","button":"#9B046F","button_label":"#FDFBF7","secondary_button_label":"#2E2A39","shadow":"#2E2A39"}},"scheme-2":{"settings":{"background":"#EDFFA7","background_gradient":"radial-gradient(rgba(255, 229, 229, 1), rgba(255, 224, 218, 1) 25%, rgba(215, 255, 137, 1) 100%)","text":"#2E2A39","button":"#2E2A39","button_label":"#EDFFA7","secondary_button_label":"#2E2A39","shadow":"#2E2A39"}},"scheme-3":{"settings":{"background":"#2E2A39","background_gradient":"","text":"#FDFBF7","button":"#FDFBF7","button_label":"#2E2A39","secondary_button_label":"#FDFBF7","shadow":"#2E2A39"}},"scheme-4":{"settings":{"background":"#9B046F","background_gradient":"","text":"#FDFBF7","button":"#FDFBF7","button_label":"#9B046F","secondary_button_label":"#FDFBF7","shadow":"#2E2A39"}}},"type_header_font":"poppins_n5","heading_scale":120,"type_body_font":"poppins_n4","body_scale":100,"page_width":1200,"spacing_sections":0,"spacing_grid_horizontal":12,"spacing_grid_vertical":12,"animations_reveal_on_scroll":true,"animations_hover_elements":"none","buttons_border_thickness":1,"buttons_border_opacity":100,"buttons_radius":6,"buttons_shadow_opacity":0,"buttons_shadow_horizontal_offset":0,"buttons_shadow_vertical_offset":4,"buttons_shadow_blur":5,"variant_pills_border_thickness":1,"variant_pills_border_opacity":55,"variant_pills_radius":40,"variant_pills_shadow_opacity":0,"variant_pills_shadow_horizontal_offset":0,"variant_pills_shadow_vertical_offset":4,"variant_pills_shadow_blur":5,"inputs_border_thickness":1,"inputs_border_opacity":55,"inputs_radius":6,"inputs_shadow_opacity":0,"inputs_shadow_horizontal_offset":0,"inputs_shadow_vertical_offset":4,"inputs_shadow_blur":5,"card_style":"card","card_image_padding":0,"card_text_alignment":"left","card_color_scheme":"scheme-2","card_border_thickness":0,"card_border_opacity":10,"card_corner_radius":8,"card_shadow_opacity":0,"card_shadow_horizontal_offset":0,"card_shadow_vertical_offset":4,"card_shadow_blur":5,"collection_card_style":"card","collection_card_image_padding":0,"collection_card_text_alignment":"left","collection_card_color_scheme":"scheme-2","collection_card_border_thickness":0,"collection_card_border_opacity":10,"collection_card_corner_radius":8,"collection_card_shadow_opacity":0,"collection_card_shadow_horizontal_offset":0,"collection_card_shadow_vertical_offset":4,"collection_card_shadow_blur":5,"blog_card_style":"standard","blog_card_image_padding":0,"blog_card_text_alignment":"left","blog_card_color_scheme":"scheme-2","blog_card_border_thickness":0,"blog_card_border_opacity":10,"blog_card_corner_radius":8,"blog_card_shadow_opacity":0,"blog_card_shadow_horizontal_offset":0,"blog_card_shadow_vertical_offset":4,"blog_card_shadow_blur":5,"text_boxes_border_thickness":0,"text_boxes_border_opacity":10,"text_boxes_radius":8,"text_boxes_shadow_opacity":0,"text_boxes_shadow_horizontal_offset":0,"text_boxes_shadow_vertical_offset":4,"text_boxes_shadow_blur":5,"media_border_thickness":1,"media_border_opacity":5,"media_radius":8,"media_shadow_opacity":0,"media_shadow_horizontal_offset":0,"media_shadow_vertical_offset":4,"media_shadow_blur":5,"popup_border_thickness":1,"popup_border_opacity":10,"popup_corner_radius":8,"popup_shadow_opacity":5,"popup_shadow_horizontal_offset":0,"popup_shadow_vertical_offset":4,"popup_shadow_blur":5,"drawer_border_thickness":1,"drawer_border_opacity":10,"drawer_shadow_opacity":0,"drawer_shadow_horizontal_offset":0,"drawer_shadow_vertical_offset":4,"drawer_shadow_blur":5,"badge_position":"top left","badge_corner_radius":20,"sale_badge_background_color":"#323841","sale_badge_background_gradient_color":"","sale_badge_text_color":"#ffffff","sold_out_background_color":"#c2b7ac","sold_out_background_gradient_color":"","sold_out_text_color":"#262626","brand_headline":"","brand_description":"<p><\/p>","brand_image_width":"100","social_twitter_link":"","social_facebook_link":"","social_pinterest_link":"","social_instagram_link":"","social_tiktok_link":"","social_tumblr_link":"","social_snapchat_link":"","social_youtube_link":"","social_vimeo_link":"","predictive_search_enabled":true,"predictive_search_show_vendor":false,"predictive_search_show_price":false,"currency_code_enabled":true,"cart_type":"drawer","show_vendor":false,"show_cart_note":true,"dbtfy_cart_bubble_animation_enabled":"true","dbtfy_cart_bubble_animation_type":"bounce","dbtfy_cart_bubble_animation_interval":5,"dbtfy_cart_bubble_animation_duration":1,"cart_drawer_collection":"","sections":{"main-password-header":{"type":"main-password-header","settings":{"color_scheme":"scheme-1"}},"main-password-footer":{"type":"main-password-footer","settings":{"color_scheme":"scheme-1"}}}},"Clean":{"logo_width":100,"primary_color":"#7559ff","secondary_color":"#7C73AC","light_color":"#EEEAFF","dark_color":"#000000","color_schemes":{"scheme-1":{"settings":{"background":"#fcfcfc","background_gradient":"","text":"#020912","button":"#020912","button_label":"#fcfcfc","secondary_button_label":"#020912","shadow":"#020912"}},"scheme-2":{"settings":{"background":"#e4f6ff","background_gradient":"","text":"#020912","button":"#020912","button_label":"#e4f6ff","secondary_button_label":"#020912","shadow":"#020912"}},"scheme-3":{"settings":{"background":"#DBE9E0","background_gradient":"","text":"#020912","button":"#020912","button_label":"#DBE9E0","secondary_button_label":"#020912","shadow":"#020912"}},"scheme-4":{"settings":{"background":"#020912","background_gradient":"","text":"#fcfcfc","button":"#fcfcfc","button_label":"#020912","secondary_button_label":"#fcfcfc","shadow":"#020912"}}},"type_header_font":"figtree_n5","heading_scale":125,"type_body_font":"anonymous_pro_n4","body_scale":100,"page_width":1200,"spacing_sections":0,"spacing_grid_horizontal":12,"spacing_grid_vertical":12,"animations_reveal_on_scroll":true,"animations_hover_elements":"none","buttons_border_thickness":1,"buttons_border_opacity":100,"buttons_radius":0,"buttons_shadow_opacity":0,"buttons_shadow_horizontal_offset":0,"buttons_shadow_vertical_offset":4,"buttons_shadow_blur":5,"variant_pills_border_thickness":1,"variant_pills_border_opacity":55,"variant_pills_radius":40,"variant_pills_shadow_opacity":0,"variant_pills_shadow_horizontal_offset":0,"variant_pills_shadow_vertical_offset":4,"variant_pills_shadow_blur":5,"inputs_border_thickness":1,"inputs_border_opacity":55,"inputs_radius":0,"inputs_shadow_opacity":0,"inputs_shadow_horizontal_offset":0,"inputs_shadow_vertical_offset":4,"inputs_shadow_blur":5,"card_style":"standard","card_image_padding":0,"card_text_alignment":"center","card_color_scheme":"scheme-1","card_border_thickness":0,"card_border_opacity":10,"card_corner_radius":0,"card_shadow_opacity":0,"card_shadow_horizontal_offset":0,"card_shadow_vertical_offset":4,"card_shadow_blur":5,"collection_card_style":"standard","collection_card_image_padding":0,"collection_card_text_alignment":"center","collection_card_color_scheme":"scheme-1","collection_card_border_thickness":0,"collection_card_border_opacity":10,"collection_card_corner_radius":0,"collection_card_shadow_opacity":0,"collection_card_shadow_horizontal_offset":0,"collection_card_shadow_vertical_offset":4,"collection_card_shadow_blur":5,"blog_card_style":"standard","blog_card_image_padding":0,"blog_card_text_alignment":"center","blog_card_color_scheme":"scheme-1","blog_card_border_thickness":0,"blog_card_border_opacity":10,"blog_card_corner_radius":0,"blog_card_shadow_opacity":0,"blog_card_shadow_horizontal_offset":0,"blog_card_shadow_vertical_offset":4,"blog_card_shadow_blur":5,"text_boxes_border_thickness":2,"text_boxes_border_opacity":100,"text_boxes_radius":0,"text_boxes_shadow_opacity":0,"text_boxes_shadow_horizontal_offset":0,"text_boxes_shadow_vertical_offset":4,"text_boxes_shadow_blur":5,"media_border_thickness":2,"media_border_opacity":100,"media_radius":0,"media_shadow_opacity":0,"media_shadow_horizontal_offset":0,"media_shadow_vertical_offset":4,"media_shadow_blur":5,"popup_border_thickness":2,"popup_border_opacity":100,"popup_corner_radius":0,"popup_shadow_opacity":5,"popup_shadow_horizontal_offset":0,"popup_shadow_vertical_offset":4,"popup_shadow_blur":5,"drawer_border_thickness":2,"drawer_border_opacity":100,"drawer_shadow_opacity":0,"drawer_shadow_horizontal_offset":0,"drawer_shadow_vertical_offset":4,"drawer_shadow_blur":5,"badge_position":"bottom right","badge_corner_radius":40,"sale_badge_background_color":"#020912","sale_badge_background_gradient_color":"","sale_badge_text_color":"#fcfcfc","sold_out_background_color":"#020912","sold_out_background_gradient_color":"","sold_out_text_color":"#fcfcfc","brand_headline":"","brand_description":"<p><\/p>","brand_image_width":100,"social_twitter_link":"","social_facebook_link":"","social_pinterest_link":"","social_instagram_link":"","social_tiktok_link":"","social_tumblr_link":"","social_snapchat_link":"","social_youtube_link":"","social_vimeo_link":"","predictive_search_enabled":true,"predictive_search_show_vendor":false,"predictive_search_show_price":false,"currency_code_enabled":true,"cart_type":"drawer","show_vendor":false,"show_cart_note":true,"dbtfy_cart_bubble_animation_enabled":"true","dbtfy_cart_bubble_animation_type":"bounce","dbtfy_cart_bubble_animation_interval":5,"dbtfy_cart_bubble_animation_duration":1,"cart_drawer_collection":"","sections":{"main-password-header":{"type":"main-password-header","settings":{"color_scheme":"scheme-1"}},"main-password-footer":{"type":"main-password-footer","settings":{"color_scheme":"scheme-1"}}}},"Line":{"logo_width":140,"primary_color":"#7559ff","secondary_color":"#7C73AC","light_color":"#EEEAFF","dark_color":"#000000","color_schemes":{"scheme-1":{"settings":{"background":"#eff0f5","background_gradient":"","text":"#0e1b4d","button":"#4770db","button_label":"#eff0f5","secondary_button_label":"#0e1b4d","shadow":"#0e1b4d"}},"scheme-2":{"settings":{"background":"#FFFFFF","background_gradient":"","text":"#0e1b4d","button":"#0e1b4d","button_label":"#FFFFFF","secondary_button_label":"#0e1b4d","shadow":"#0e1b4d"}},"scheme-3":{"settings":{"background":"#0e1b4d","background_gradient":"","text":"#FFFFFF","button":"#FFFFFF","button_label":"#0e1b4d","secondary_button_label":"#FFFFFF","shadow":"#0e1b4d"}},"scheme-4":{"settings":{"background":"#4770db","background_gradient":"","text":"#FFFFFF","button":"#FFFFFF","button_label":"#4770db","secondary_button_label":"#FFFFFF","shadow":"#0e1b4d"}}},"type_header_font":"archivo_n7","heading_scale":110,"type_body_font":"questrial_n4","body_scale":100,"page_width":1200,"spacing_sections":0,"spacing_grid_horizontal":12,"spacing_grid_vertical":12,"animations_reveal_on_scroll":true,"animations_hover_elements":"none","buttons_border_thickness":1,"buttons_border_opacity":100,"buttons_radius":40,"buttons_shadow_opacity":0,"buttons_shadow_horizontal_offset":0,"buttons_shadow_vertical_offset":4,"buttons_shadow_blur":5,"variant_pills_border_thickness":1,"variant_pills_border_opacity":55,"variant_pills_radius":40,"variant_pills_shadow_opacity":0,"variant_pills_shadow_horizontal_offset":0,"variant_pills_shadow_vertical_offset":4,"variant_pills_shadow_blur":5,"inputs_border_thickness":1,"inputs_border_opacity":55,"inputs_radius":26,"inputs_shadow_opacity":0,"inputs_shadow_horizontal_offset":0,"inputs_shadow_vertical_offset":4,"inputs_shadow_blur":5,"card_style":"card","card_image_padding":16,"card_text_alignment":"left","card_color_scheme":"scheme-1","card_border_thickness":1,"card_border_opacity":100,"card_corner_radius":18,"card_shadow_opacity":0,"card_shadow_horizontal_offset":0,"card_shadow_vertical_offset":4,"card_shadow_blur":5,"collection_card_style":"card","collection_card_image_padding":16,"collection_card_text_alignment":"left","collection_card_color_scheme":"scheme-1","collection_card_border_thickness":1,"collection_card_border_opacity":100,"collection_card_corner_radius":18,"collection_card_shadow_opacity":0,"collection_card_shadow_horizontal_offset":0,"collection_card_shadow_vertical_offset":4,"collection_card_shadow_blur":5,"blog_card_style":"card","blog_card_image_padding":16,"blog_card_text_alignment":"left","blog_card_color_scheme":"scheme-1","blog_card_border_thickness":1,"blog_card_border_opacity":100,"blog_card_corner_radius":18,"blog_card_shadow_opacity":0,"blog_card_shadow_horizontal_offset":0,"blog_card_shadow_vertical_offset":4,"blog_card_shadow_blur":5,"text_boxes_border_thickness":0,"text_boxes_border_opacity":10,"text_boxes_radius":20,"text_boxes_shadow_opacity":0,"text_boxes_shadow_horizontal_offset":0,"text_boxes_shadow_vertical_offset":4,"text_boxes_shadow_blur":5,"media_border_thickness":0,"media_border_opacity":10,"media_radius":20,"media_shadow_opacity":0,"media_shadow_horizontal_offset":0,"media_shadow_vertical_offset":4,"media_shadow_blur":5,"popup_border_thickness":1,"popup_border_opacity":10,"popup_corner_radius":18,"popup_shadow_opacity":0,"popup_shadow_horizontal_offset":0,"popup_shadow_vertical_offset":4,"popup_shadow_blur":5,"drawer_border_thickness":0,"drawer_border_opacity":10,"drawer_shadow_opacity":0,"drawer_shadow_horizontal_offset":0,"drawer_shadow_vertical_offset":4,"drawer_shadow_blur":5,"badge_position":"top left","badge_corner_radius":0,"sale_badge_background_color":"#323841","sale_badge_background_gradient_color":"","sale_badge_text_color":"#ffffff","sold_out_background_color":"#c2b7ac","sold_out_background_gradient_color":"","sold_out_text_color":"#262626","brand_headline":"","brand_description":"<p><\/p>","brand_image_width":100,"social_twitter_link":"","social_facebook_link":"","social_pinterest_link":"","social_snapchat_link":"","social_instagram_link":"","social_tiktok_link":"","social_tumblr_link":"","social_youtube_link":"","social_vimeo_link":"","predictive_search_enabled":true,"predictive_search_show_vendor":false,"predictive_search_show_price":false,"currency_code_enabled":true,"cart_type":"drawer","show_vendor":false,"show_cart_note":true,"dbtfy_cart_bubble_animation_enabled":"true","dbtfy_cart_bubble_animation_type":"bounce","dbtfy_cart_bubble_animation_interval":5,"dbtfy_cart_bubble_animation_duration":1,"cart_drawer_collection":"","sections":{"main-password-header":{"type":"main-password-header","settings":{"color_scheme":"scheme-1"}},"main-password-footer":{"type":"main-password-footer","settings":{"color_scheme":"scheme-1"}}}},"Funky":{"logo_width":70,"primary_color":"#7559ff","secondary_color":"#7C73AC","light_color":"#EEEAFF","dark_color":"#000000","color_schemes":{"scheme-1":{"settings":{"background":"#f2efdd","background_gradient":"","text":"#3d081b","button":"#910f3f","button_label":"#f2efdd","secondary_button_label":"#3d081b","shadow":"#3d081b"}},"scheme-2":{"settings":{"background":"#FAF9E1","background_gradient":"","text":"#3d081b","button":"#3d081b","button_label":"#FAF9E1","secondary_button_label":"#3d081b","shadow":"#3d081b"}},"scheme-3":{"settings":{"background":"#3d081b","background_gradient":"","text":"#f2efdd","button":"#f2efdd","button_label":"#3d081b","secondary_button_label":"#f2efdd","shadow":"#3d081b"}},"scheme-4":{"settings":{"background":"#910f3f","background_gradient":"","text":"#f2efdd","button":"#f2efdd","button_label":"#910f3f","secondary_button_label":"#f2efdd","shadow":"#3d081b"}}},"type_header_font":"proza_libre_n4","heading_scale":100,"type_body_font":"archivo_n4","body_scale":100,"page_width":1200,"spacing_sections":0,"spacing_grid_horizontal":12,"spacing_grid_vertical":12,"animations_reveal_on_scroll":true,"animations_hover_elements":"none","buttons_border_thickness":2,"buttons_border_opacity":100,"buttons_radius":12,"buttons_shadow_opacity":100,"buttons_shadow_horizontal_offset":0,"buttons_shadow_vertical_offset":4,"buttons_shadow_blur":0,"variant_pills_border_thickness":1,"variant_pills_border_opacity":55,"variant_pills_radius":40,"variant_pills_shadow_opacity":0,"variant_pills_shadow_horizontal_offset":0,"variant_pills_shadow_vertical_offset":0,"variant_pills_shadow_blur":0,"inputs_border_thickness":2,"inputs_border_opacity":100,"inputs_radius":12,"inputs_shadow_opacity":100,"inputs_shadow_horizontal_offset":0,"inputs_shadow_vertical_offset":2,"inputs_shadow_blur":0,"card_style":"standard","card_image_padding":0,"card_text_alignment":"left","card_color_scheme":"scheme-1","card_border_thickness":2,"card_border_opacity":100,"card_corner_radius":12,"card_shadow_opacity":100,"card_shadow_horizontal_offset":0,"card_shadow_vertical_offset":4,"card_shadow_blur":0,"collection_card_style":"standard","collection_card_image_padding":0,"collection_card_text_alignment":"left","collection_card_color_scheme":"scheme-1","collection_card_border_thickness":2,"collection_card_border_opacity":100,"collection_card_corner_radius":12,"collection_card_shadow_opacity":100,"collection_card_shadow_horizontal_offset":0,"collection_card_shadow_vertical_offset":4,"collection_card_shadow_blur":0,"blog_card_style":"standard","blog_card_image_padding":0,"blog_card_text_alignment":"left","blog_card_color_scheme":"scheme-1","blog_card_border_thickness":2,"blog_card_border_opacity":100,"blog_card_corner_radius":12,"blog_card_shadow_opacity":100,"blog_card_shadow_horizontal_offset":0,"blog_card_shadow_vertical_offset":4,"blog_card_shadow_blur":0,"text_boxes_border_thickness":2,"text_boxes_border_opacity":100,"text_boxes_radius":12,"text_boxes_shadow_opacity":100,"text_boxes_shadow_horizontal_offset":0,"text_boxes_shadow_vertical_offset":6,"text_boxes_shadow_blur":0,"media_border_thickness":2,"media_border_opacity":100,"media_radius":12,"media_shadow_opacity":100,"media_shadow_horizontal_offset":0,"media_shadow_vertical_offset":6,"media_shadow_blur":0,"popup_border_thickness":2,"popup_border_opacity":100,"popup_corner_radius":12,"popup_shadow_opacity":100,"popup_shadow_horizontal_offset":0,"popup_shadow_vertical_offset":2,"popup_shadow_blur":0,"drawer_border_thickness":3,"drawer_border_opacity":10,"drawer_shadow_opacity":100,"drawer_shadow_horizontal_offset":6,"drawer_shadow_vertical_offset":6,"drawer_shadow_blur":0,"badge_position":"top left","badge_corner_radius":40,"sale_badge_background_color":"#323841","sale_badge_background_gradient_color":"","sale_badge_text_color":"#ffffff","sold_out_background_color":"#c2b7ac","sold_out_background_gradient_color":"","sold_out_text_color":"#262626","brand_headline":"","brand_description":"<p><\/p>","brand_image_width":100,"sold_out_badge_color_scheme":"scheme-1","social_twitter_link":"","social_facebook_link":"","social_pinterest_link":"","social_instagram_link":"","social_tiktok_link":"","social_tumblr_link":"","social_snapchat_link":"","social_youtube_link":"","social_vimeo_link":"","predictive_search_enabled":true,"predictive_search_show_vendor":false,"predictive_search_show_price":false,"currency_code_enabled":true,"cart_type":"drawer","show_vendor":false,"show_cart_note":true,"dbtfy_cart_bubble_animation_enabled":"true","dbtfy_cart_bubble_animation_type":"bounce","dbtfy_cart_bubble_animation_interval":5,"dbtfy_cart_bubble_animation_duration":1,"cart_drawer_collection":"","sections":{"main-password-header":{"type":"main-password-header","settings":{"color_scheme":"scheme-1"}},"main-password-footer":{"type":"main-password-footer","settings":{"color_scheme":"scheme-1"}}}},"Square":{"logo_width":90,"primary_color":"#7559ff","secondary_color":"#7C73AC","light_color":"#EEEAFF","dark_color":"#000000","color_schemes":{"scheme-1":{"settings":{"background":"#FFFFFF","background_gradient":"","text":"#121212","button":"#121212","button_label":"#FFFFFF","secondary_button_label":"#121212","shadow":"#121212"}},"scheme-2":{"settings":{"background":"#F3F3F3","background_gradient":"","text":"#121212","button":"#121212","button_label":"#F3F3F3","secondary_button_label":"#121212","shadow":"#121212"}},"scheme-3":{"settings":{"background":"#242833","background_gradient":"","text":"#FFFFFF","button":"#FFFFFF","button_label":"#000000","secondary_button_label":"#FFFFFF","shadow":"#121212"}},"scheme-4":{"settings":{"background":"#121212","background_gradient":"","text":"#FFFFFF","button":"#FFFFFF","button_label":"#121212","secondary_button_label":"#FFFFFF","shadow":"#121212"}}},"type_header_font":"assistant_n4","heading_scale":100,"type_body_font":"assistant_n4","body_scale":100,"page_width":1200,"spacing_sections":0,"spacing_grid_horizontal":12,"spacing_grid_vertical":12,"animations_reveal_on_scroll":true,"animations_hover_elements":"none","buttons_border_thickness":1,"buttons_border_opacity":100,"buttons_radius":0,"buttons_shadow_opacity":0,"buttons_shadow_horizontal_offset":0,"buttons_shadow_vertical_offset":4,"buttons_shadow_blur":5,"variant_pills_border_thickness":1,"variant_pills_border_opacity":55,"variant_pills_radius":40,"variant_pills_shadow_opacity":0,"variant_pills_shadow_horizontal_offset":0,"variant_pills_shadow_vertical_offset":4,"variant_pills_shadow_blur":5,"inputs_border_thickness":1,"inputs_border_opacity":55,"inputs_radius":0,"inputs_shadow_opacity":0,"inputs_shadow_horizontal_offset":0,"inputs_shadow_vertical_offset":4,"inputs_shadow_blur":5,"card_style":"standard","card_image_padding":0,"card_text_alignment":"left","card_color_scheme":"scheme-2","card_border_thickness":0,"card_border_opacity":10,"card_corner_radius":0,"card_shadow_opacity":0,"card_shadow_horizontal_offset":0,"card_shadow_vertical_offset":4,"card_shadow_blur":5,"collection_card_style":"standard","collection_card_image_padding":0,"collection_card_text_alignment":"left","collection_card_color_scheme":"scheme-2","collection_card_border_thickness":0,"collection_card_border_opacity":10,"collection_card_corner_radius":0,"collection_card_shadow_opacity":0,"collection_card_shadow_horizontal_offset":0,"collection_card_shadow_vertical_offset":4,"collection_card_shadow_blur":5,"blog_card_style":"standard","blog_card_image_padding":0,"blog_card_text_alignment":"left","blog_card_color_scheme":"scheme-2","blog_card_border_thickness":0,"blog_card_border_opacity":10,"blog_card_corner_radius":0,"blog_card_shadow_opacity":0,"blog_card_shadow_horizontal_offset":0,"blog_card_shadow_vertical_offset":4,"blog_card_shadow_blur":5,"text_boxes_border_thickness":0,"text_boxes_border_opacity":10,"text_boxes_radius":0,"text_boxes_shadow_opacity":0,"text_boxes_shadow_horizontal_offset":0,"text_boxes_shadow_vertical_offset":4,"text_boxes_shadow_blur":5,"media_border_thickness":1,"media_border_opacity":5,"media_radius":0,"media_shadow_opacity":0,"media_shadow_horizontal_offset":0,"media_shadow_vertical_offset":4,"media_shadow_blur":5,"popup_border_thickness":1,"popup_border_opacity":10,"popup_corner_radius":0,"popup_shadow_opacity":5,"popup_shadow_horizontal_offset":0,"popup_shadow_vertical_offset":4,"popup_shadow_blur":5,"drawer_border_thickness":1,"drawer_border_opacity":10,"drawer_shadow_opacity":0,"drawer_shadow_horizontal_offset":0,"drawer_shadow_vertical_offset":4,"drawer_shadow_blur":5,"badge_position":"top left","badge_corner_radius":40,"sale_badge_background_color":"#323841","sale_badge_background_gradient_color":"","sale_badge_text_color":"#ffffff","sold_out_background_color":"#c2b7ac","sold_out_background_gradient_color":"","sold_out_text_color":"#262626","brand_headline":"","brand_description":"<p><\/p>","brand_image_width":100,"social_twitter_link":"","social_facebook_link":"","social_pinterest_link":"","social_instagram_link":"","social_tiktok_link":"","social_tumblr_link":"","social_snapchat_link":"","social_youtube_link":"","social_vimeo_link":"","predictive_search_enabled":true,"predictive_search_show_vendor":false,"predictive_search_show_price":false,"currency_code_enabled":true,"cart_type":"drawer","show_vendor":false,"show_cart_note":true,"dbtfy_cart_bubble_animation_enabled":"true","dbtfy_cart_bubble_animation_type":"bounce","dbtfy_cart_bubble_animation_interval":5,"dbtfy_cart_bubble_animation_duration":1,"cart_drawer_collection":"","sections":{"main-password-header":{"type":"main-password-header","settings":{"color_scheme":"scheme-1"}},"main-password-footer":{"type":"main-password-footer","settings":{"color_scheme":"scheme-1"}}}}}}